"Date","Time (GMT)","Predicted (m)","Preliminary (m)","Verified (m)"
"2021/08/20","00:00","0.592","-","0.751"
"2021/08/20","00:06","0.559","-","0.732"
"2021/08/20","00:12","0.525","-","0.707"
"2021/08/20","00:18","0.49","-","0.673"
"2021/08/20","00:24","0.453","-","0.633"
"2021/08/20","00:30","0.416","-","0.599"
"2021/08/20","00:36","0.377","-","0.565"
"2021/08/20","00:42","0.338","-","0.531"
"2021/08/20","00:48","0.298","-","0.493"
"2021/08/20","00:54","0.257","-","0.455"
"2021/08/20","01:00","0.216","-","0.413"
"2021/08/20","01:06","0.174","-","0.373"
"2021/08/20","01:12","0.132","-","0.332"
"2021/08/20","01:18","0.09","-","0.294"
"2021/08/20","01:24","0.048","-","0.261"
"2021/08/20","01:30","0.006","-","0.232"
"2021/08/20","01:36","-0.035","-","0.197"
"2021/08/20","01:42","-0.076","-","0.16"
"2021/08/20","01:48","-0.116","-","0.118"
"2021/08/20","01:54","-0.156","-","0.076"
"2021/08/20","02:00","-0.194","-","0.036"
"2021/08/20","02:06","-0.231","-","-0.002"
"2021/08/20","02:12","-0.267","-","-0.041"
"2021/08/20","02:18","-0.301","-","-0.077"
"2021/08/20","02:24","-0.334","-","-0.117"
"2021/08/20","02:30","-0.364","-","-0.155"
"2021/08/20","02:36","-0.393","-","-0.199"
"2021/08/20","02:42","-0.42","-","-0.235"
"2021/08/20","02:48","-0.444","-","-0.262"
"2021/08/20","02:54","-0.466","-","-0.288"
"2021/08/20","03:00","-0.486","-","-0.315"
"2021/08/20","03:06","-0.504","-","-0.344"
"2021/08/20","03:12","-0.519","-","-0.372"
"2021/08/20","03:18","-0.533","-","-0.396"
"2021/08/20","03:24","-0.544","-","-0.419"
"2021/08/20","03:30","-0.553","-","-0.44"
"2021/08/20","03:36","-0.56","-","-0.452"
"2021/08/20","03:42","-0.565","-","-0.457"
"2021/08/20","03:48","-0.569","-","-0.456"
"2021/08/20","03:54","-0.572","-","-0.456"
"2021/08/20","04:00","-0.573","-","-0.456"
"2021/08/20","04:06","-0.573","-","-0.453"
"2021/08/20","04:12","-0.572","-","-0.447"
"2021/08/20","04:18","-0.57","-","-0.438"
"2021/08/20","04:24","-0.568","-","-0.426"
"2021/08/20","04:30","-0.566","-","-0.413"
"2021/08/20","04:36","-0.563","-","-0.397"
"2021/08/20","04:42","-0.56","-","-0.383"
"2021/08/20","04:48","-0.557","-","-0.37"
"2021/08/20","04:54","-0.553","-","-0.36"
"2021/08/20","05:00","-0.55","-","-0.35"
"2021/08/20","05:06","-0.547","-","-0.339"
"2021/08/20","05:12","-0.544","-","-0.329"
"2021/08/20","05:18","-0.541","-","-0.318"
"2021/08/20","05:24","-0.538","-","-0.306"
"2021/08/20","05:30","-0.535","-","-0.297"
"2021/08/20","05:36","-0.532","-","-0.289"
"2021/08/20","05:42","-0.529","-","-0.287"
"2021/08/20","05:48","-0.525","-","-0.29"
"2021/08/20","05:54","-0.52","-","-0.299"
"2021/08/20","06:00","-0.515","-","-0.309"
"2021/08/20","06:06","-0.509","-","-0.32"
"2021/08/20","06:12","-0.502","-","-0.328"
"2021/08/20","06:18","-0.494","-","-0.334"
"2021/08/20","06:24","-0.484","-","-0.34"
"2021/08/20","06:30","-0.473","-","-0.347"
"2021/08/20","06:36","-0.461","-","-0.352"
"2021/08/20","06:42","-0.447","-","-0.354"
"2021/08/20","06:48","-0.431","-","-0.357"
"2021/08/20","06:54","-0.414","-","-0.355"
"2021/08/20","07:00","-0.394","-","-0.344"
"2021/08/20","07:06","-0.373","-","-0.324"
"2021/08/20","07:12","-0.351","-","-0.304"
"2021/08/20","07:18","-0.326","-","-0.284"
"2021/08/20","07:24","-0.3","-","-0.261"
"2021/08/20","07:30","-0.272","-","-0.236"
"2021/08/20","07:36","-0.242","-","-0.206"
"2021/08/20","07:42","-0.211","-","-0.174"
"2021/08/20","07:48","-0.179","-","-0.135"
"2021/08/20","07:54","-0.145","-","-0.094"
"2021/08/20","08:00","-0.111","-","-0.054"
"2021/08/20","08:06","-0.075","-","-0.015"
"2021/08/20","08:12","-0.038","-","0.027"
"2021/08/20","08:18","-0.001","-","0.07"
"2021/08/20","08:24","0.037","-","0.118"
"2021/08/20","08:30","0.075","-","0.165"
"2021/08/20","08:36","0.114","-","0.207"
"2021/08/20","08:42","0.152","-","0.244"
"2021/08/20","08:48","0.19","-","0.281"
"2021/08/20","08:54","0.228","-","0.319"
"2021/08/20","09:00","0.266","-","0.363"
"2021/08/20","09:06","0.303","-","0.408"
"2021/08/20","09:12","0.339","-","0.454"
"2021/08/20","09:18","0.374","-","0.5"
"2021/08/20","09:24","0.407","-","0.543"
"2021/08/20","09:30","0.44","-","0.581"
"2021/08/20","09:36","0.471","-","0.62"
"2021/08/20","09:42","0.5","-","0.663"
"2021/08/20","09:48","0.527","-","0.705"
"2021/08/20","09:54","0.553","-","0.74"
"2021/08/20","10:00","0.576","-","0.766"
"2021/08/20","10:06","0.598","-","0.791"
"2021/08/20","10:12","0.616","-","0.815"
"2021/08/20","10:18","0.633","-","0.835"
"2021/08/20","10:24","0.647","-","0.853"
"2021/08/20","10:30","0.658","-","0.87"
"2021/08/20","10:36","0.667","-","0.88"
"2021/08/20","10:42","0.673","-","0.881"
"2021/08/20","10:48","0.677","-","0.876"
"2021/08/20","10:54","0.678","-","0.868"
"2021/08/20","11:00","0.676","-","0.856"
"2021/08/20","11:06","0.671","-","0.84"
"2021/08/20","11:12","0.664","-","0.82"
"2021/08/20","11:18","0.654","-","0.801"
"2021/08/20","11:24","0.641","-","0.78"
"2021/08/20","11:30","0.626","-","0.754"
"2021/08/20","11:36","0.609","-","0.725"
"2021/08/20","11:42","0.589","-","0.695"
"2021/08/20","11:48","0.568","-","0.667"
"2021/08/20","11:54","0.544","-","0.64"
"2021/08/20","12:00","0.518","-","0.61"
"2021/08/20","12:06","0.49","-","0.579"
"2021/08/20","12:12","0.461","-","0.551"
"2021/08/20","12:18","0.429","-","0.522"
"2021/08/20","12:24","0.397","-","0.493"
"2021/08/20","12:30","0.363","-","0.462"
"2021/08/20","12:36","0.327","-","0.431"
"2021/08/20","12:42","0.291","-","0.4"
"2021/08/20","12:48","0.253","-","0.365"
"2021/08/20","12:54","0.214","-","0.327"
"2021/08/20","13:00","0.175","-","0.29"
"2021/08/20","13:06","0.135","-","0.255"
"2021/08/20","13:12","0.094","-","0.222"
"2021/08/20","13:18","0.053","-","0.185"
"2021/08/20","13:24","0.011","-","0.145"
"2021/08/20","13:30","-0.031","-","0.106"
"2021/08/20","13:36","-0.073","-","0.07"
"2021/08/20","13:42","-0.114","-","0.034"
"2021/08/20","13:48","-0.156","-","0"
"2021/08/20","13:54","-0.196","-","-0.031"
"2021/08/20","14:00","-0.237","-","-0.06"
"2021/08/20","14:06","-0.276","-","-0.09"
"2021/08/20","14:12","-0.315","-","-0.123"
"2021/08/20","14:18","-0.352","-","-0.157"
"2021/08/20","14:24","-0.388","-","-0.192"
"2021/08/20","14:30","-0.422","-","-0.228"
"2021/08/20","14:36","-0.454","-","-0.262"
"2021/08/20","14:42","-0.485","-","-0.294"
"2021/08/20","14:48","-0.514","-","-0.323"
"2021/08/20","14:54","-0.54","-","-0.351"
"2021/08/20","15:00","-0.564","-","-0.378"
"2021/08/20","15:06","-0.585","-","-0.406"
"2021/08/20","15:12","-0.604","-","-0.433"
"2021/08/20","15:18","-0.621","-","-0.456"
"2021/08/20","15:24","-0.635","-","-0.474"
"2021/08/20","15:30","-0.646","-","-0.488"
"2021/08/20","15:36","-0.655","-","-0.498"
"2021/08/20","15:42","-0.661","-","-0.506"
"2021/08/20","15:48","-0.665","-","-0.52"
"2021/08/20","15:54","-0.666","-","-0.539"
"2021/08/20","16:00","-0.666","-","-0.56"
"2021/08/20","16:06","-0.663","-","-0.576"
"2021/08/20","16:12","-0.658","-","-0.59"
"2021/08/20","16:18","-0.652","-","-0.6"
"2021/08/20","16:24","-0.645","-","-0.605"
"2021/08/20","16:30","-0.636","-","-0.603"
"2021/08/20","16:36","-0.626","-","-0.597"
"2021/08/20","16:42","-0.615","-","-0.592"
"2021/08/20","16:48","-0.604","-","-0.588"
"2021/08/20","16:54","-0.592","-","-0.577"
"2021/08/20","17:00","-0.58","-","-0.558"
"2021/08/20","17:06","-0.568","-","-0.535"
"2021/08/20","17:12","-0.556","-","-0.514"
"2021/08/20","17:18","-0.544","-","-0.492"
"2021/08/20","17:24","-0.532","-","-0.469"
"2021/08/20","17:30","-0.52","-","-0.446"
"2021/08/20","17:36","-0.509","-","-0.428"
"2021/08/20","17:42","-0.498","-","-0.412"
"2021/08/20","17:48","-0.487","-","-0.391"
"2021/08/20","17:54","-0.477","-","-0.368"
"2021/08/20","18:00","-0.466","-","-0.347"
"2021/08/20","18:06","-0.456","-","-0.325"
"2021/08/20","18:12","-0.445","-","-0.302"
"2021/08/20","18:18","-0.435","-","-0.279"
"2021/08/20","18:24","-0.424","-","-0.262"
"2021/08/20","18:30","-0.412","-","-0.244"
"2021/08/20","18:36","-0.4","-","-0.229"
"2021/08/20","18:42","-0.387","-","-0.21"
"2021/08/20","18:48","-0.373","-","-0.189"
"2021/08/20","18:54","-0.358","-","-0.171"
"2021/08/20","19:00","-0.342","-","-0.159"
"2021/08/20","19:06","-0.324","-","-0.152"
"2021/08/20","19:12","-0.306","-","-0.146"
"2021/08/20","19:18","-0.285","-","-0.125"
"2021/08/20","19:24","-0.263","-","-0.107"
"2021/08/20","19:30","-0.24","-","-0.091"
"2021/08/20","19:36","-0.215","-","-0.071"
"2021/08/20","19:42","-0.188","-","-0.042"
"2021/08/20","19:48","-0.16","-","-0.011"
"2021/08/20","19:54","-0.13","-","0.016"
"2021/08/20","20:00","-0.099","-","0.04"
"2021/08/20","20:06","-0.066","-","0.069"
"2021/08/20","20:12","-0.032","-","0.104"
"2021/08/20","20:18","0.003","-","0.138"
"2021/08/20","20:24","0.04","-","0.173"
"2021/08/20","20:30","0.077","-","0.204"
"2021/08/20","20:36","0.116","-","0.239"
"2021/08/20","20:42","0.155","-","0.276"
"2021/08/20","20:48","0.195","-","0.313"
"2021/08/20","20:54","0.235","-","0.348"
"2021/08/20","21:00","0.276","-","0.382"
"2021/08/20","21:06","0.317","-","0.422"
"2021/08/20","21:12","0.358","-","0.458"
"2021/08/20","21:18","0.398","-","0.493"
"2021/08/20","21:24","0.439","-","0.535"
"2021/08/20","21:30","0.479","-","0.58"
"2021/08/20","21:36","0.518","-","0.623"
"2021/08/20","21:42","0.556","-","0.657"
"2021/08/20","21:48","0.593","-","0.696"
"2021/08/20","21:54","0.629","-","0.738"
"2021/08/20","22:00","0.664","-","0.774"
"2021/08/20","22:06","0.697","-","0.793"
"2021/08/20","22:12","0.728","-","0.805"
"2021/08/20","22:18","0.757","-","0.828"
"2021/08/20","22:24","0.785","-","0.864"
"2021/08/20","22:30","0.81","-","0.904"
"2021/08/20","22:36","0.832","-","0.943"
"2021/08/20","22:42","0.853","-","0.974"
"2021/08/20","22:48","0.871","-","1.003"
"2021/08/20","22:54","0.886","-","1.031"
"2021/08/20","23:00","0.898","-","1.057"
"2021/08/20","23:06","0.908","-","1.08"
"2021/08/20","23:12","0.915","-","1.102"
"2021/08/20","23:18","0.919","-","1.119"
"2021/08/20","23:24","0.92","-","1.118"
"2021/08/20","23:30","0.919","-","1.109"
"2021/08/20","23:36","0.914","-","1.107"
"2021/08/20","23:42","0.907","-","1.111"
"2021/08/20","23:48","0.897","-","1.103"
"2021/08/20","23:54","0.884","-","1.081"
"2021/08/21","00:00","0.869","-","1.061"
"2021/08/21","00:06","0.851","-","1.041"
"2021/08/21","00:12","0.831","-","1.014"
"2021/08/21","00:18","0.808","-","0.982"
"2021/08/21","00:24","0.783","-","0.957"
"2021/08/21","00:30","0.756","-","0.94"
"2021/08/21","00:36","0.727","-","0.919"
"2021/08/21","00:42","0.696","-","0.882"
"2021/08/21","00:48","0.663","-","0.841"
"2021/08/21","00:54","0.628","-","0.803"
"2021/08/21","01:00","0.592","-","0.759"
"2021/08/21","01:06","0.554","-","0.726"
"2021/08/21","01:12","0.515","-","0.687"
"2021/08/21","01:18","0.474","-","0.652"
"2021/08/21","01:24","0.433","-","0.615"
"2021/08/21","01:30","0.39","-","0.575"
"2021/08/21","01:36","0.346","-","0.532"
"2021/08/21","01:42","0.302","-","0.488"
"2021/08/21","01:48","0.257","-","0.442"
"2021/08/21","01:54","0.211","-","0.399"
"2021/08/21","02:00","0.165","-","0.362"
"2021/08/21","02:06","0.119","-","0.316"
"2021/08/21","02:12","0.073","-","0.271"
"2021/08/21","02:18","0.026","-","0.215"
"2021/08/21","02:24","-0.019","-","0.165"
"2021/08/21","02:30","-0.065","-","0.117"
"2021/08/21","02:36","-0.109","-","0.069"
"2021/08/21","02:42","-0.153","-","0.029"
"2021/08/21","02:48","-0.195","-","-0.01"
"2021/08/21","02:54","-0.237","-","-0.047"
"2021/08/21","03:00","-0.277","-","-0.087"
"2021/08/21","03:06","-0.315","-","-0.122"
"2021/08/21","03:12","-0.351","-","-0.154"
"2021/08/21","03:18","-0.385","-","-0.185"
"2021/08/21","03:24","-0.417","-","-0.224"
"2021/08/21","03:30","-0.447","-","-0.267"
"2021/08/21","03:36","-0.474","-","-0.301"
"2021/08/21","03:42","-0.499","-","-0.325"
"2021/08/21","03:48","-0.522","-","-0.347"
"2021/08/21","03:54","-0.542","-","-0.373"
"2021/08/21","04:00","-0.559","-","-0.396"
"2021/08/21","04:06","-0.574","-","-0.418"
"2021/08/21","04:12","-0.586","-","-0.439"
"2021/08/21","04:18","-0.597","-","-0.458"
"2021/08/21","04:24","-0.605","-","-0.473"
"2021/08/21","04:30","-0.61","-","-0.482"
"2021/08/21","04:36","-0.614","-","-0.483"
"2021/08/21","04:42","-0.617","-","-0.481"
"2021/08/21","04:48","-0.618","-","-0.481"
"2021/08/21","04:54","-0.617","-","-0.483"
"2021/08/21","05:00","-0.615","-","-0.486"
"2021/08/21","05:06","-0.613","-","-0.484"
"2021/08/21","05:12","-0.609","-","-0.479"
"2021/08/21","05:18","-0.605","-","-0.47"
"2021/08/21","05:24","-0.601","-","-0.458"
"2021/08/21","05:30","-0.596","-","-0.444"
"2021/08/21","05:36","-0.591","-","-0.43"
"2021/08/21","05:42","-0.587","-","-0.417"
"2021/08/21","05:48","-0.582","-","-0.407"
"2021/08/21","05:54","-0.577","-","-0.395"
"2021/08/21","06:00","-0.573","-","-0.38"
"2021/08/21","06:06","-0.569","-","-0.363"
"2021/08/21","06:12","-0.565","-","-0.348"
"2021/08/21","06:18","-0.56","-","-0.338"
"2021/08/21","06:24","-0.556","-","-0.333"
"2021/08/21","06:30","-0.552","-","-0.332"
"2021/08/21","06:36","-0.548","-","-0.334"
"2021/08/21","06:42","-0.543","-","-0.337"
"2021/08/21","06:48","-0.537","-","-0.334"
"2021/08/21","06:54","-0.531","-","-0.328"
"2021/08/21","07:00","-0.525","-","-0.321"
"2021/08/21","07:06","-0.517","-","-0.317"
"2021/08/21","07:12","-0.508","-","-0.315"
"2021/08/21","07:18","-0.498","-","-0.315"
"2021/08/21","07:24","-0.486","-","-0.316"
"2021/08/21","07:30","-0.473","-","-0.318"
"2021/08/21","07:36","-0.458","-","-0.317"
"2021/08/21","07:42","-0.442","-","-0.31"
"2021/08/21","07:48","-0.424","-","-0.297"
"2021/08/21","07:54","-0.404","-","-0.283"
"2021/08/21","08:00","-0.382","-","-0.269"
"2021/08/21","08:06","-0.358","-","-0.257"
"2021/08/21","08:12","-0.332","-","-0.243"
"2021/08/21","08:18","-0.304","-","-0.226"
"2021/08/21","08:24","-0.275","-","-0.203"
"2021/08/21","08:30","-0.244","-","-0.167"
"2021/08/21","08:36","-0.211","-","-0.128"
"2021/08/21","08:42","-0.177","-","-0.087"
"2021/08/21","08:48","-0.141","-","-0.046"
"2021/08/21","08:54","-0.104","-","-0.003"
"2021/08/21","09:00","-0.065","-","0.041"
"2021/08/21","09:06","-0.026","-","0.089"
"2021/08/21","09:12","0.014","-","0.139"
"2021/08/21","09:18","0.055","-","0.188"
"2021/08/21","09:24","0.096","-","0.24"
"2021/08/21","09:30","0.138","-","0.291"
"2021/08/21","09:36","0.18","-","0.335"
"2021/08/21","09:42","0.222","-","0.376"
"2021/08/21","09:48","0.263","-","0.422"
"2021/08/21","09:54","0.304","-","0.474"
"2021/08/21","10:00","0.345","-","0.529"
"2021/08/21","10:06","0.384","-","0.576"
"2021/08/21","10:12","0.423","-","0.622"
"2021/08/21","10:18","0.46","-","0.668"
"2021/08/21","10:24","0.496","-","0.709"
"2021/08/21","10:30","0.53","-","0.74"
"2021/08/21","10:36","0.563","-","0.771"
"2021/08/21","10:42","0.593","-","0.808"
"2021/08/21","10:48","0.621","-","0.846"
"2021/08/21","10:54","0.647","-","0.876"
"2021/08/21","11:00","0.671","-","0.9"
"2021/08/21","11:06","0.692","-","0.915"
"2021/08/21","11:12","0.71","-","0.926"
"2021/08/21","11:18","0.725","-","0.934"
"2021/08/21","11:24","0.738","-","0.945"
"2021/08/21","11:30","0.748","-","0.956"
"2021/08/21","11:36","0.755","-","0.959"
"2021/08/21","11:42","0.758","-","0.952"
"2021/08/21","11:48","0.759","-","0.938"
"2021/08/21","11:54","0.757","-","0.925"
"2021/08/21","12:00","0.751","-","0.91"
"2021/08/21","12:06","0.743","-","0.89"
"2021/08/21","12:12","0.732","-","0.875"
"2021/08/21","12:18","0.718","-","0.856"
"2021/08/21","12:24","0.702","-","0.835"
"2021/08/21","12:30","0.682","-","0.813"
"2021/08/21","12:36","0.661","-","0.787"
"2021/08/21","12:42","0.636","-","0.761"
"2021/08/21","12:48","0.61","-","0.739"
"2021/08/21","12:54","0.581","-","0.719"
"2021/08/21","13:00","0.55","-","0.701"
"2021/08/21","13:06","0.518","-","0.685"
"2021/08/21","13:12","0.483","-","0.671"
"2021/08/21","13:18","0.447","-","0.646"
"2021/08/21","13:24","0.409","-","0.61"
"2021/08/21","13:30","0.37","-","0.573"
"2021/08/21","13:36","0.33","-","0.533"
"2021/08/21","13:42","0.288","-","0.505"
"2021/08/21","13:48","0.246","-","0.473"
"2021/08/21","13:54","0.202","-","0.434"
"2021/08/21","14:00","0.158","-","0.388"
"2021/08/21","14:06","0.113","-","0.349"
"2021/08/21","14:12","0.068","-","0.307"
"2021/08/21","14:18","0.022","-","0.263"
"2021/08/21","14:24","-0.023","-","0.225"
"2021/08/21","14:30","-0.069","-","0.195"
"2021/08/21","14:36","-0.115","-","0.168"
"2021/08/21","14:42","-0.16","-","0.136"
"2021/08/21","14:48","-0.204","-","0.099"
"2021/08/21","14:54","-0.248","-","0.063"
"2021/08/21","15:00","-0.29","-","0.022"
"2021/08/21","15:06","-0.332","-","-0.018"
"2021/08/21","15:12","-0.372","-","-0.061"
"2021/08/21","15:18","-0.41","-","-0.102"
"2021/08/21","15:24","-0.447","-","-0.138"
"2021/08/21","15:30","-0.481","-","-0.169"
"2021/08/21","15:36","-0.514","-","-0.205"
"2021/08/21","15:42","-0.544","-","-0.245"
"2021/08/21","15:48","-0.571","-","-0.285"
"2021/08/21","15:54","-0.596","-","-0.325"
"2021/08/21","16:00","-0.619","-","-0.364"
"2021/08/21","16:06","-0.638","-","-0.398"
"2021/08/21","16:12","-0.655","-","-0.429"
"2021/08/21","16:18","-0.669","-","-0.455"
"2021/08/21","16:24","-0.68","-","-0.48"
"2021/08/21","16:30","-0.689","-","-0.508"
"2021/08/21","16:36","-0.694","-","-0.537"
"2021/08/21","16:42","-0.697","-","-0.564"
"2021/08/21","16:48","-0.698","-","-0.589"
"2021/08/21","16:54","-0.697","-","-0.61"
"2021/08/21","17:00","-0.693","-","-0.625"
"2021/08/21","17:06","-0.688","-","-0.636"
"2021/08/21","17:12","-0.681","-","-0.642"
"2021/08/21","17:18","-0.672","-","-0.643"
"2021/08/21","17:24","-0.662","-","-0.638"
"2021/08/21","17:30","-0.652","-","-0.631"
"2021/08/21","17:36","-0.64","-","-0.624"
"2021/08/21","17:42","-0.628","-","-0.605"
"2021/08/21","17:48","-0.616","-","-0.584"
"2021/08/21","17:54","-0.603","-","-0.566"
"2021/08/21","18:00","-0.591","-","-0.552"
"2021/08/21","18:06","-0.578","-","-0.533"
"2021/08/21","18:12","-0.566","-","-0.505"
"2021/08/21","18:18","-0.554","-","-0.479"
"2021/08/21","18:24","-0.542","-","-0.454"
"2021/08/21","18:30","-0.531","-","-0.432"
"2021/08/21","18:36","-0.52","-","-0.408"
"2021/08/21","18:42","-0.51","-","-0.388"
"2021/08/21","18:48","-0.5","-","-0.365"
"2021/08/21","18:54","-0.49","-","-0.347"
"2021/08/21","19:00","-0.48","-","-0.328"
"2021/08/21","19:06","-0.47","-","-0.299"
"2021/08/21","19:12","-0.459","-","-0.269"
"2021/08/21","19:18","-0.449","-","-0.241"
"2021/08/21","19:24","-0.438","-","-0.221"
"2021/08/21","19:30","-0.426","-","-0.196"
"2021/08/21","19:36","-0.413","-","-0.18"
"2021/08/21","19:42","-0.399","-","-0.16"
"2021/08/21","19:48","-0.385","-","-0.142"
"2021/08/21","19:54","-0.368","-","-0.117"
"2021/08/21","20:00","-0.351","-","-0.09"
"2021/08/21","20:06","-0.332","-","-0.062"
"2021/08/21","20:12","-0.311","-","-0.052"
"2021/08/21","20:18","-0.289","-","-0.043"
"2021/08/21","20:24","-0.264","-","-0.04"
"2021/08/21","20:30","-0.238","-","-0.029"
"2021/08/21","20:36","-0.211","-","-0.012"
"2021/08/21","20:42","-0.181","-","0.011"
"2021/08/21","20:48","-0.15","-","0.041"
"2021/08/21","20:54","-0.117","-","0.065"
"2021/08/21","21:00","-0.082","-","0.095"
"2021/08/21","21:06","-0.046","-","0.119"
"2021/08/21","21:12","-0.009","-","0.142"
"2021/08/21","21:18","0.03","-","0.176"
"2021/08/21","21:24","0.07","-","0.224"
"2021/08/21","21:30","0.111","-","0.278"
"2021/08/21","21:36","0.153","-","0.342"
"2021/08/21","21:42","0.196","-","0.395"
"2021/08/21","21:48","0.239","-","0.435"
"2021/08/21","21:54","0.282","-","0.472"
"2021/08/21","22:00","0.326","-","0.514"
"2021/08/21","22:06","0.37","-","0.553"
"2021/08/21","22:12","0.413","-","0.585"
"2021/08/21","22:18","0.456","-","0.623"
"2021/08/21","22:24","0.499","-","0.657"
"2021/08/21","22:30","0.54","-","0.682"
"2021/08/21","22:36","0.581","-","0.71"
"2021/08/21","22:42","0.62","-","0.753"
"2021/08/21","22:48","0.658","-","0.798"
"2021/08/21","22:54","0.695","-","0.843"
"2021/08/21","23:00","0.729","-","0.884"
"2021/08/21","23:06","0.762","-","0.916"
"2021/08/21","23:12","0.792","-","0.952"
"2021/08/21","23:18","0.82","-","0.984"
"2021/08/21","23:24","0.846","-","1.012"
"2021/08/21","23:30","0.869","-","1.029"
"2021/08/21","23:36","0.889","-","1.056"
"2021/08/21","23:42","0.907","-","1.081"
"2021/08/21","23:48","0.922","-","1.106"
"2021/08/21","23:54","0.933","-","1.116"
"2021/08/22","00:00","0.942","-","1.131"
"2021/08/22","00:06","0.948","-","1.147"
"2021/08/22","00:12","0.95","-","1.157"
"2021/08/22","00:18","0.95","-","1.152"
"2021/08/22","00:24","0.946","-","1.149"
"2021/08/22","00:30","0.939","-","1.154"
"2021/08/22","00:36","0.93","-","1.153"
"2021/08/22","00:42","0.917","-","1.131"
"2021/08/22","00:48","0.902","-","1.104"
"2021/08/22","00:54","0.884","-","1.084"
"2021/08/22","01:00","0.863","-","1.058"
"2021/08/22","01:06","0.84","-","1.021"
"2021/08/22","01:12","0.814","-","0.982"
"2021/08/22","01:18","0.786","-","0.949"
"2021/08/22","01:24","0.755","-","0.92"
"2021/08/22","01:30","0.723","-","0.886"
"2021/08/22","01:36","0.688","-","0.85"
"2021/08/22","01:42","0.652","-","0.815"
"2021/08/22","01:48","0.614","-","0.781"
"2021/08/22","01:54","0.574","-","0.745"
"2021/08/22","02:00","0.532","-","0.705"
"2021/08/22","02:06","0.49","-","0.672"
"2021/08/22","02:12","0.445","-","0.641"
"2021/08/22","02:18","0.4","-","0.6"
"2021/08/22","02:24","0.354","-","0.552"
"2021/08/22","02:30","0.307","-","0.501"
"2021/08/22","02:36","0.259","-","0.458"
"2021/08/22","02:42","0.211","-","0.421"
"2021/08/22","02:48","0.162","-","0.382"
"2021/08/22","02:54","0.113","-","0.341"
"2021/08/22","03:00","0.064","-","0.297"
"2021/08/22","03:06","0.015","-","0.252"
"2021/08/22","03:12","-0.033","-","0.199"
"2021/08/22","03:18","-0.081","-","0.145"
"2021/08/22","03:24","-0.128","-","0.1"
"2021/08/22","03:30","-0.175","-","0.062"
"2021/08/22","03:36","-0.22","-","0.026"
"2021/08/22","03:42","-0.263","-","-0.015"
"2021/08/22","03:48","-0.305","-","-0.059"
"2021/08/22","03:54","-0.346","-","-0.107"
"2021/08/22","04:00","-0.384","-","-0.15"
"2021/08/22","04:06","-0.42","-","-0.194"
"2021/08/22","04:12","-0.453","-","-0.238"
"2021/08/22","04:18","-0.485","-","-0.277"
"2021/08/22","04:24","-0.513","-","-0.309"
"2021/08/22","04:30","-0.539","-","-0.329"
"2021/08/22","04:36","-0.563","-","-0.345"
"2021/08/22","04:42","-0.583","-","-0.357"
"2021/08/22","04:48","-0.601","-","-0.371"
"2021/08/22","04:54","-0.616","-","-0.386"
"2021/08/22","05:00","-0.628","-","-0.399"
"2021/08/22","05:06","-0.638","-","-0.407"
"2021/08/22","05:12","-0.646","-","-0.413"
"2021/08/22","05:18","-0.651","-","-0.413"
"2021/08/22","05:24","-0.654","-","-0.406"
"2021/08/22","05:30","-0.655","-","-0.403"
"2021/08/22","05:36","-0.654","-","-0.403"
"2021/08/22","05:42","-0.652","-","-0.411"
"2021/08/22","05:48","-0.649","-","-0.421"
"2021/08/22","05:54","-0.645","-","-0.429"
"2021/08/22","06:00","-0.639","-","-0.428"
"2021/08/22","06:06","-0.633","-","-0.424"
"2021/08/22","06:12","-0.627","-","-0.409"
"2021/08/22","06:18","-0.621","-","-0.395"
"2021/08/22","06:24","-0.614","-","-0.381"
"2021/08/22","06:30","-0.607","-","-0.37"
"2021/08/22","06:36","-0.601","-","-0.354"
"2021/08/22","06:42","-0.594","-","-0.335"
"2021/08/22","06:48","-0.588","-","-0.32"
"2021/08/22","06:54","-0.582","-","-0.306"
"2021/08/22","07:00","-0.577","-","-0.293"
"2021/08/22","07:06","-0.572","-","-0.292"
"2021/08/22","07:12","-0.566","-","-0.301"
"2021/08/22","07:18","-0.561","-","-0.313"
"2021/08/22","07:24","-0.556","-","-0.321"
"2021/08/22","07:30","-0.55","-","-0.321"
"2021/08/22","07:36","-0.544","-","-0.315"
"2021/08/22","07:42","-0.538","-","-0.31"
"2021/08/22","07:48","-0.531","-","-0.306"
"2021/08/22","07:54","-0.523","-","-0.307"
"2021/08/22","08:00","-0.513","-","-0.308"
"2021/08/22","08:06","-0.503","-","-0.312"
"2021/08/22","08:12","-0.491","-","-0.313"
"2021/08/22","08:18","-0.478","-","-0.314"
"2021/08/22","08:24","-0.463","-","-0.309"
"2021/08/22","08:30","-0.447","-","-0.298"
"2021/08/22","08:36","-0.428","-","-0.286"
"2021/08/22","08:42","-0.408","-","-0.275"
"2021/08/22","08:48","-0.386","-","-0.259"
"2021/08/22","08:54","-0.361","-","-0.241"
"2021/08/22","09:00","-0.335","-","-0.221"
"2021/08/22","09:06","-0.307","-","-0.209"
"2021/08/22","09:12","-0.276","-","-0.194"
"2021/08/22","09:18","-0.244","-","-0.172"
"2021/08/22","09:24","-0.21","-","-0.136"
"2021/08/22","09:30","-0.175","-","-0.093"
"2021/08/22","09:36","-0.138","-","-0.06"
"2021/08/22","09:42","-0.099","-","-0.028"
"2021/08/22","09:48","-0.059","-","0.004"
"2021/08/22","09:54","-0.018","-","0.048"
"2021/08/22","10:00","0.024","-","0.101"
"2021/08/22","10:06","0.067","-","0.162"
"2021/08/22","10:12","0.11","-","0.231"
"2021/08/22","10:18","0.154","-","0.304"
"2021/08/22","10:24","0.198","-","0.376"
"2021/08/22","10:30","0.242","-","0.44"
"2021/08/22","10:36","0.285","-","0.497"
"2021/08/22","10:42","0.329","-","0.558"
"2021/08/22","10:48","0.371","-","0.618"
"2021/08/22","10:54","0.413","-","0.67"
"2021/08/22","11:00","0.453","-","0.714"
"2021/08/22","11:06","0.493","-","0.763"
"2021/08/22","11:12","0.531","-","0.827"
"2021/08/22","11:18","0.567","-","0.877"
"2021/08/22","11:24","0.601","-","0.911"
"2021/08/22","11:30","0.633","-","0.947"
"2021/08/22","11:36","0.663","-","0.986"
"2021/08/22","11:42","0.691","-","1.038"
"2021/08/22","11:48","0.716","-","1.085"
"2021/08/22","11:54","0.738","-","1.125"
"2021/08/22","12:00","0.758","-","1.163"
"2021/08/22","12:06","0.775","-","1.184"
"2021/08/22","12:12","0.788","-","1.182"
"2021/08/22","12:18","0.799","-","1.183"
"2021/08/22","12:24","0.807","-","1.186"
"2021/08/22","12:30","0.811","-","1.201"
"2021/08/22","12:36","0.813","-","1.228"
"2021/08/22","12:42","0.811","-","1.241"
"2021/08/22","12:48","0.806","-","1.241"
"2021/08/22","12:54","0.798","-","1.226"
"2021/08/22","13:00","0.787","-","1.197"
"2021/08/22","13:06","0.773","-","1.177"
"2021/08/22","13:12","0.757","-","1.174"
"2021/08/22","13:18","0.737","-","1.171"
"2021/08/22","13:24","0.715","-","1.172"
"2021/08/22","13:30","0.691","-","1.155"
"2021/08/22","13:36","0.664","-","1.129"
"2021/08/22","13:42","0.634","-","1.084"
"2021/08/22","13:48","0.603","-","1.029"
"2021/08/22","13:54","0.569","-","0.973"
"2021/08/22","14:00","0.534","-","0.946"
"2021/08/22","14:06","0.496","-","0.918"
"2021/08/22","14:12","0.457","-","0.886"
"2021/08/22","14:18","0.417","-","0.85"
"2021/08/22","14:24","0.375","-","0.807"
"2021/08/22","14:30","0.332","-","0.769"
"2021/08/22","14:36","0.287","-","0.729"
"2021/08/22","14:42","0.242","-","0.695"
"2021/08/22","14:48","0.196","-","0.674"
"2021/08/22","14:54","0.149","-","0.656"
"2021/08/22","15:00","0.102","-","0.638"
"2021/08/22","15:06","0.054","-","0.605"
"2021/08/22","15:12","0.006","-","0.56"
"2021/08/22","15:18","-0.042","-","0.522"
"2021/08/22","15:24","-0.089","-","0.476"
"2021/08/22","15:30","-0.136","-","0.43"
"2021/08/22","15:36","-0.183","-","0.388"
"2021/08/22","15:42","-0.229","-","0.357"
"2021/08/22","15:48","-0.274","-","0.332"
"2021/08/22","15:54","-0.318","-","0.316"
"2021/08/22","16:00","-0.36","-","0.297"
"2021/08/22","16:06","-0.4","-","0.268"
"2021/08/22","16:12","-0.439","-","0.236"
"2021/08/22","16:18","-0.476","-","0.206"
"2021/08/22","16:24","-0.51","-","0.175"
"2021/08/22","16:30","-0.542","-","0.154"
"2021/08/22","16:36","-0.572","-","0.143"
"2021/08/22","16:42","-0.598","-","0.116"
"2021/08/22","16:48","-0.622","-","0.084"
"2021/08/22","16:54","-0.643","-","0.058"
"2021/08/22","17:00","-0.661","-","0.028"
"2021/08/22","17:06","-0.677","-","0.013"
"2021/08/22","17:12","-0.689","-","0.009"
"2021/08/22","17:18","-0.698","-","0.016"
"2021/08/22","17:24","-0.705","-","0.011"
"2021/08/22","17:30","-0.709","-","0.003"
"2021/08/22","17:36","-0.71","-","-0.002"
"2021/08/22","17:42","-0.709","-","-0.024"
"2021/08/22","17:48","-0.706","-","-0.05"
"2021/08/22","17:54","-0.701","-","-0.072"
"2021/08/22","18:00","-0.694","-","-0.093"
"2021/08/22","18:06","-0.685","-","-0.118"
"2021/08/22","18:12","-0.675","-","-0.145"
"2021/08/22","18:18","-0.665","-","-0.169"
"2021/08/22","18:24","-0.653","-","-0.19"
"2021/08/22","18:30","-0.641","-","-0.213"
"2021/08/22","18:36","-0.628","-","-0.232"
"2021/08/22","18:42","-0.615","-","-0.243"
"2021/08/22","18:48","-0.603","-","-0.246"
"2021/08/22","18:54","-0.59","-","-0.247"
"2021/08/22","19:00","-0.578","-","-0.243"
"2021/08/22","19:06","-0.566","-","-0.232"
"2021/08/22","19:12","-0.554","-","-0.221"
"2021/08/22","19:18","-0.543","-","-0.22"
"2021/08/22","19:24","-0.532","-","-0.217"
"2021/08/22","19:30","-0.522","-","-0.209"
"2021/08/22","19:36","-0.512","-","-0.19"
"2021/08/22","19:42","-0.502","-","-0.168"
"2021/08/22","19:48","-0.492","-","-0.146"
"2021/08/22","19:54","-0.482","-","-0.121"
"2021/08/22","20:00","-0.472","-","-0.102"
"2021/08/22","20:06","-0.462","-","-0.085"
"2021/08/22","20:12","-0.451","-","-0.076"
"2021/08/22","20:18","-0.44","-","-0.067"
"2021/08/22","20:24","-0.428","-","-0.059"
"2021/08/22","20:30","-0.414","-","-0.038"
"2021/08/22","20:36","-0.4","-","-0.022"
"2021/08/22","20:42","-0.384","-","-0.011"
"2021/08/22","20:48","-0.367","-","-0.01"
"2021/08/22","20:54","-0.348","-","-0.018"
"2021/08/22","21:00","-0.327","-","-0.021"
"2021/08/22","21:06","-0.305","-","-0.019"
"2021/08/22","21:12","-0.281","-","-0.007"
"2021/08/22","21:18","-0.255","-","0.007"
"2021/08/22","21:24","-0.227","-","0.025"
"2021/08/22","21:30","-0.197","-","0.051"
"2021/08/22","21:36","-0.165","-","0.077"
"2021/08/22","21:42","-0.132","-","0.099"
"2021/08/22","21:48","-0.097","-","0.126"
"2021/08/22","21:54","-0.061","-","0.16"
"2021/08/22","22:00","-0.023","-","0.197"
"2021/08/22","22:06","0.017","-","0.238"
"2021/08/22","22:12","0.057","-","0.277"
"2021/08/22","22:18","0.099","-","0.321"
"2021/08/22","22:24","0.142","-","0.366"
"2021/08/22","22:30","0.185","-","0.413"
"2021/08/22","22:36","0.229","-","0.455"
"2021/08/22","22:42","0.273","-","0.504"
"2021/08/22","22:48","0.317","-","0.55"
"2021/08/22","22:54","0.361","-","0.598"
"2021/08/22","23:00","0.405","-","0.644"
"2021/08/22","23:06","0.448","-","0.683"
"2021/08/22","23:12","0.491","-","0.726"
"2021/08/22","23:18","0.533","-","0.768"
"2021/08/22","23:24","0.574","-","0.812"
"2021/08/22","23:30","0.613","-","0.849"
"2021/08/22","23:36","0.651","-","0.89"
"2021/08/22","23:42","0.688","-","0.923"
"2021/08/22","23:48","0.722","-","0.953"
"2021/08/22","23:54","0.754","-","0.981"
"2021/08/23","00:00","0.785","-","1.006"
"2021/08/23","00:06","0.813","-","1.04"
"2021/08/23","00:12","0.838","-","1.062"
"2021/08/23","00:18","0.861","-","1.074"
"2021/08/23","00:24","0.881","-","1.084"
"2021/08/23","00:30","0.898","-","1.099"
"2021/08/23","00:36","0.912","-","1.11"
"2021/08/23","00:42","0.924","-","1.128"
"2021/08/23","00:48","0.932","-","1.155"
"2021/08/23","00:54","0.937","-","1.177"
"2021/08/23","01:00","0.939","-","1.192"
"2021/08/23","01:06","0.938","-","1.183"
"2021/08/23","01:12","0.934","-","1.174"
"2021/08/23","01:18","0.927","-","1.168"
"2021/08/23","01:24","0.917","-","1.15"
"2021/08/23","01:30","0.904","-","1.131"
"2021/08/23","01:36","0.888","-","1.114"
"2021/08/23","01:42","0.869","-","1.097"
"2021/08/23","01:48","0.847","-","1.067"
"2021/08/23","01:54","0.823","-","1.038"
"2021/08/23","02:00","0.796","-","1.009"
"2021/08/23","02:06","0.767","-","0.983"
"2021/08/23","02:12","0.736","-","0.948"
"2021/08/23","02:18","0.702","-","0.914"
"2021/08/23","02:24","0.667","-","0.878"
"2021/08/23","02:30","0.629","-","0.842"
"2021/08/23","02:36","0.59","-","0.803"
"2021/08/23","02:42","0.549","-","0.763"
"2021/08/23","02:48","0.506","-","0.724"
"2021/08/23","02:54","0.463","-","0.687"
"2021/08/23","03:00","0.417","-","0.645"
"2021/08/23","03:06","0.371","-","0.606"
"2021/08/23","03:12","0.324","-","0.568"
"2021/08/23","03:18","0.275","-","0.524"
"2021/08/23","03:24","0.226","-","0.476"
"2021/08/23","03:30","0.177","-","0.433"
"2021/08/23","03:36","0.127","-","0.394"
"2021/08/23","03:42","0.077","-","0.361"
"2021/08/23","03:48","0.027","-","0.323"
"2021/08/23","03:54","-0.022","-","0.278"
"2021/08/23","04:00","-0.072","-","0.229"
"2021/08/23","04:06","-0.12","-","0.177"
"2021/08/23","04:12","-0.168","-","0.122"
"2021/08/23","04:18","-0.215","-","0.073"
"2021/08/23","04:24","-0.26","-","0.025"
"2021/08/23","04:30","-0.304","-","-0.02"
"2021/08/23","04:36","-0.347","-","-0.06"
"2021/08/23","04:42","-0.387","-","-0.099"
"2021/08/23","04:48","-0.425","-","-0.133"
"2021/08/23","04:54","-0.461","-","-0.163"
"2021/08/23","05:00","-0.495","-","-0.199"
"2021/08/23","05:06","-0.526","-","-0.229"
"2021/08/23","05:12","-0.554","-","-0.255"
"2021/08/23","05:18","-0.579","-","-0.275"
"2021/08/23","05:24","-0.602","-","-0.29"
"2021/08/23","05:30","-0.621","-","-0.301"
"2021/08/23","05:36","-0.638","-","-0.316"
"2021/08/23","05:42","-0.652","-","-0.335"
"2021/08/23","05:48","-0.663","-","-0.35"
"2021/08/23","05:54","-0.672","-","-0.363"
"2021/08/23","06:00","-0.678","-","-0.369"
"2021/08/23","06:06","-0.682","-","-0.371"
"2021/08/23","06:12","-0.683","-","-0.364"
"2021/08/23","06:18","-0.683","-","-0.35"
"2021/08/23","06:24","-0.68","-","-0.339"
"2021/08/23","06:30","-0.676","-","-0.334"
"2021/08/23","06:36","-0.671","-","-0.329"
"2021/08/23","06:42","-0.665","-","-0.323"
"2021/08/23","06:48","-0.657","-","-0.315"
"2021/08/23","06:54","-0.649","-","-0.304"
"2021/08/23","07:00","-0.641","-","-0.284"
"2021/08/23","07:06","-0.632","-","-0.263"
"2021/08/23","07:12","-0.623","-","-0.24"
"2021/08/23","07:18","-0.614","-","-0.214"
"2021/08/23","07:24","-0.606","-","-0.205"
"2021/08/23","07:30","-0.597","-","-0.203"
"2021/08/23","07:36","-0.589","-","-0.202"
"2021/08/23","07:42","-0.581","-","-0.194"
"2021/08/23","07:48","-0.573","-","-0.187"
"2021/08/23","07:54","-0.566","-","-0.182"
"2021/08/23","08:00","-0.559","-","-0.173"
"2021/08/23","08:06","-0.552","-","-0.168"
"2021/08/23","08:12","-0.544","-","-0.173"
"2021/08/23","08:18","-0.537","-","-0.186"
"2021/08/23","08:24","-0.529","-","-0.202"
"2021/08/23","08:30","-0.521","-","-0.21"
"2021/08/23","08:36","-0.512","-","-0.206"
"2021/08/23","08:42","-0.503","-","-0.198"
"2021/08/23","08:48","-0.492","-","-0.187"
"2021/08/23","08:54","-0.48","-","-0.174"
"2021/08/23","09:00","-0.467","-","-0.161"
"2021/08/23","09:06","-0.452","-","-0.15"
"2021/08/23","09:12","-0.436","-","-0.145"
"2021/08/23","09:18","-0.418","-","-0.134"
"2021/08/23","09:24","-0.399","-","-0.113"
"2021/08/23","09:30","-0.377","-","-0.092"
"2021/08/23","09:36","-0.354","-","-0.071"
"2021/08/23","09:42","-0.329","-","-0.05"
"2021/08/23","09:48","-0.301","-","-0.02"
"2021/08/23","09:54","-0.272","-","0.005"
"2021/08/23","10:00","-0.241","-","0.03"
"2021/08/23","10:06","-0.209","-","0.059"
"2021/08/23","10:12","-0.174","-","0.094"
"2021/08/23","10:18","-0.138","-","0.131"
"2021/08/23","10:24","-0.101","-","0.166"
"2021/08/23","10:30","-0.062","-","0.2"
"2021/08/23","10:36","-0.022","-","0.232"
"2021/08/23","10:42","0.019","-","0.265"
"2021/08/23","10:48","0.061","-","0.301"
"2021/08/23","10:54","0.104","-","0.34"
"2021/08/23","11:00","0.147","-","0.379"
"2021/08/23","11:06","0.19","-","0.416"
"2021/08/23","11:12","0.233","-","0.449"
"2021/08/23","11:18","0.277","-","0.482"
"2021/08/23","11:24","0.319","-","0.519"
"2021/08/23","11:30","0.362","-","0.56"
"2021/08/23","11:36","0.403","-","0.607"
"2021/08/23","11:42","0.444","-","0.655"
"2021/08/23","11:48","0.484","-","0.7"
"2021/08/23","11:54","0.522","-","0.745"
"2021/08/23","12:00","0.559","-","0.791"
"2021/08/23","12:06","0.594","-","0.834"
"2021/08/23","12:12","0.627","-","0.873"
"2021/08/23","12:18","0.658","-","0.908"
"2021/08/23","12:24","0.687","-","0.94"
"2021/08/23","12:30","0.714","-","0.97"
"2021/08/23","12:36","0.738","-","0.999"
"2021/08/23","12:42","0.76","-","1.022"
"2021/08/23","12:48","0.778","-","1.045"
"2021/08/23","12:54","0.794","-","1.07"
"2021/08/23","13:00","0.807","-","1.086"
"2021/08/23","13:06","0.817","-","1.093"
"2021/08/23","13:12","0.825","-","1.091"
"2021/08/23","13:18","0.829","-","1.09"
"2021/08/23","13:24","0.83","-","1.094"
"2021/08/23","13:30","0.828","-","1.1"
"2021/08/23","13:36","0.823","-","1.1"
"2021/08/23","13:42","0.814","-","1.096"
"2021/08/23","13:48","0.803","-","1.084"
"2021/08/23","13:54","0.789","-","1.056"
"2021/08/23","14:00","0.773","-","1.031"
"2021/08/23","14:06","0.753","-","1"
"2021/08/23","14:12","0.731","-","0.978"
"2021/08/23","14:18","0.706","-","0.949"
"2021/08/23","14:24","0.679","-","0.919"
"2021/08/23","14:30","0.65","-","0.895"
"2021/08/23","14:36","0.618","-","0.87"
"2021/08/23","14:42","0.585","-","0.834"
"2021/08/23","14:48","0.549","-","0.797"
"2021/08/23","14:54","0.512","-","0.756"
"2021/08/23","15:00","0.473","-","0.716"
"2021/08/23","15:06","0.432","-","0.678"
"2021/08/23","15:12","0.39","-","0.636"
"2021/08/23","15:18","0.347","-","0.596"
"2021/08/23","15:24","0.302","-","0.558"
"2021/08/23","15:30","0.257","-","0.516"
"2021/08/23","15:36","0.211","-","0.465"
"2021/08/23","15:42","0.164","-","0.41"
"2021/08/23","15:48","0.116","-","0.356"
"2021/08/23","15:54","0.069","-","0.31"
"2021/08/23","16:00","0.021","-","0.265"
"2021/08/23","16:06","-0.027","-","0.224"
"2021/08/23","16:12","-0.075","-","0.178"
"2021/08/23","16:18","-0.122","-","0.132"
"2021/08/23","16:24","-0.169","-","0.079"
"2021/08/23","16:30","-0.215","-","0.029"
"2021/08/23","16:36","-0.26","-","-0.027"
"2021/08/23","16:42","-0.304","-","-0.075"
"2021/08/23","16:48","-0.346","-","-0.124"
"2021/08/23","16:54","-0.387","-","-0.163"
"2021/08/23","17:00","-0.426","-","-0.203"
"2021/08/23","17:06","-0.463","-","-0.239"
"2021/08/23","17:12","-0.497","-","-0.269"
"2021/08/23","17:18","-0.529","-","-0.301"
"2021/08/23","17:24","-0.559","-","-0.328"
"2021/08/23","17:30","-0.586","-","-0.35"
"2021/08/23","17:36","-0.61","-","-0.368"
"2021/08/23","17:42","-0.631","-","-0.387"
"2021/08/23","17:48","-0.65","-","-0.408"
"2021/08/23","17:54","-0.665","-","-0.42"
"2021/08/23","18:00","-0.678","-","-0.427"
"2021/08/23","18:06","-0.687","-","-0.412"
"2021/08/23","18:12","-0.694","-","-0.474"
"2021/08/23","18:18","-0.698","-","-0.491"
"2021/08/23","18:24","-0.7","-","-0.503"
"2021/08/23","18:30","-0.699","-","-0.497"
"2021/08/23","18:36","-0.696","-","-0.509"
"2021/08/23","18:42","-0.691","-","-0.511"
"2021/08/23","18:48","-0.684","-","-0.521"
"2021/08/23","18:54","-0.676","-","-0.528"
"2021/08/23","19:00","-0.666","-","-0.522"
"2021/08/23","19:06","-0.655","-","-0.515"
"2021/08/23","19:12","-0.644","-","-0.491"
"2021/08/23","19:18","-0.631","-","-0.505"
"2021/08/23","19:24","-0.619","-","-0.512"
"2021/08/23","19:30","-0.606","-","-0.502"
"2021/08/23","19:36","-0.593","-","-0.467"
"2021/08/23","19:42","-0.58","-","-0.444"
"2021/08/23","19:48","-0.567","-","-0.42"
"2021/08/23","19:54","-0.555","-","-0.399"
"2021/08/23","20:00","-0.543","-","-0.382"
"2021/08/23","20:06","-0.531","-","-0.35"
"2021/08/23","20:12","-0.52","-","-0.341"
"2021/08/23","20:18","-0.509","-","-0.321"
"2021/08/23","20:24","-0.498","-","-0.303"
"2021/08/23","20:30","-0.487","-","-0.285"
"2021/08/23","20:36","-0.477","-","-0.259"
"2021/08/23","20:42","-0.467","-","-0.234"
"2021/08/23","20:48","-0.456","-","-0.218"
"2021/08/23","20:54","-0.445","-","-0.204"
"2021/08/23","21:00","-0.434","-","-0.193"
"2021/08/23","21:06","-0.422","-","-0.186"
"2021/08/23","21:12","-0.409","-","-0.157"
"2021/08/23","21:18","-0.395","-","-0.137"
"2021/08/23","21:24","-0.381","-","-0.116"
"2021/08/23","21:30","-0.364","-","-0.096"
"2021/08/23","21:36","-0.347","-","-0.069"
"2021/08/23","21:42","-0.328","-","-0.048"
"2021/08/23","21:48","-0.307","-","-0.025"
"2021/08/23","21:54","-0.285","-","0.011"
"2021/08/23","22:00","-0.261","-","0.052"
"2021/08/23","22:06","-0.235","-","0.089"
"2021/08/23","22:12","-0.208","-","0.124"
"2021/08/23","22:18","-0.179","-","0.155"
"2021/08/23","22:24","-0.148","-","0.175"
"2021/08/23","22:30","-0.115","-","0.194"
"2021/08/23","22:36","-0.081","-","0.225"
"2021/08/23","22:42","-0.046","-","0.258"
"2021/08/23","22:48","-0.009","-","0.301"
"2021/08/23","22:54","0.029","-","0.35"
"2021/08/23","23:00","0.068","-","0.394"
"2021/08/23","23:06","0.108","-","0.436"
"2021/08/23","23:12","0.148","-","0.469"
"2021/08/23","23:18","0.189","-","0.495"
"2021/08/23","23:24","0.231","-","0.53"
"2021/08/23","23:30","0.273","-","0.569"
"2021/08/23","23:36","0.314","-","0.609"
"2021/08/23","23:42","0.356","-","0.645"
"2021/08/23","23:48","0.397","-","0.675"
"2021/08/23","23:54","0.438","-","0.711"
"2021/08/24","00:00","0.478","-","0.742"
"2021/08/24","00:06","0.517","-","0.763"
"2021/08/24","00:12","0.555","-","0.8"
"2021/08/24","00:18","0.592","-","0.855"
"2021/08/24","00:24","0.627","-","0.891"
"2021/08/24","00:30","0.661","-","0.935"
"2021/08/24","00:36","0.693","-","0.981"
"2021/08/24","00:42","0.723","-","1.008"
"2021/08/24","00:48","0.751","-","1.041"
"2021/08/24","00:54","0.776","-","1.079"
"2021/08/24","01:00","0.8","-","1.112"
"2021/08/24","01:06","0.82","-","1.144"
"2021/08/24","01:12","0.838","-","1.177"
"2021/08/24","01:18","0.854","-","1.195"
"2021/08/24","01:24","0.866","-","1.191"
"2021/08/24","01:30","0.876","-","1.182"
"2021/08/24","01:36","0.882","-","1.18"
"2021/08/24","01:42","0.886","-","1.185"
"2021/08/24","01:48","0.887","-","1.188"
"2021/08/24","01:54","0.885","-","1.187"
"2021/08/24","02:00","0.879","-","1.173"
"2021/08/24","02:06","0.871","-","1.173"
"2021/08/24","02:12","0.86","-","1.167"
"2021/08/24","02:18","0.846","-","1.151"
"2021/08/24","02:24","0.829","-","1.132"
"2021/08/24","02:30","0.81","-","1.122"
"2021/08/24","02:36","0.788","-","1.119"
"2021/08/24","02:42","0.763","-","1.103"
"2021/08/24","02:48","0.736","-","1.083"
"2021/08/24","02:54","0.706","-","1.056"
"2021/08/24","03:00","0.674","-","1.03"
"2021/08/24","03:06","0.641","-","0.996"
"2021/08/24","03:12","0.605","-","0.959"
"2021/08/24","03:18","0.567","-","0.919"
"2021/08/24","03:24","0.528","-","0.88"
"2021/08/24","03:30","0.487","-","0.843"
"2021/08/24","03:36","0.445","-","0.8"
"2021/08/24","03:42","0.401","-","0.757"
"2021/08/24","03:48","0.356","-","0.713"
"2021/08/24","03:54","0.31","-","0.667"
"2021/08/24","04:00","0.263","-","0.615"
"2021/08/24","04:06","0.216","-","0.56"
"2021/08/24","04:12","0.167","-","0.508"
"2021/08/24","04:18","0.119","-","0.462"
"2021/08/24","04:24","0.07","-","0.416"
"2021/08/24","04:30","0.021","-","0.367"
"2021/08/24","04:36","-0.028","-","0.315"
"2021/08/24","04:42","-0.077","-","0.261"
"2021/08/24","04:48","-0.125","-","0.207"
"2021/08/24","04:54","-0.172","-","0.151"
"2021/08/24","05:00","-0.218","-","0.098"
"2021/08/24","05:06","-0.264","-","0.048"
"2021/08/24","05:12","-0.308","-","0.003"
"2021/08/24","05:18","-0.35","-","-0.042"
"2021/08/24","05:24","-0.391","-","-0.089"
"2021/08/24","05:30","-0.43","-","-0.14"
"2021/08/24","05:36","-0.466","-","-0.19"
"2021/08/24","05:42","-0.501","-","-0.237"
"2021/08/24","05:48","-0.532","-","-0.281"
"2021/08/24","05:54","-0.562","-","-0.319"
"2021/08/24","06:00","-0.588","-","-0.352"
"2021/08/24","06:06","-0.612","-","-0.378"
"2021/08/24","06:12","-0.633","-","-0.402"
"2021/08/24","06:18","-0.651","-","-0.424"
"2021/08/24","06:24","-0.666","-","-0.447"
"2021/08/24","06:30","-0.678","-","-0.467"
"2021/08/24","06:36","-0.688","-","-0.484"
"2021/08/24","06:42","-0.695","-","-0.497"
"2021/08/24","06:48","-0.699","-","-0.506"
"2021/08/24","06:54","-0.701","-","-0.515"
"2021/08/24","07:00","-0.7","-","-0.526"
"2021/08/24","07:06","-0.697","-","-0.541"
"2021/08/24","07:12","-0.693","-","-0.557"
"2021/08/24","07:18","-0.687","-","-0.57"
"2021/08/24","07:24","-0.679","-","-0.576"
"2021/08/24","07:30","-0.67","-","-0.577"
"2021/08/24","07:36","-0.661","-","-0.567"
"2021/08/24","07:42","-0.65","-","-0.55"
"2021/08/24","07:48","-0.639","-","-0.527"
"2021/08/24","07:54","-0.627","-","-0.499"
"2021/08/24","08:00","-0.616","-","-0.471"
"2021/08/24","08:06","-0.604","-","-0.441"
"2021/08/24","08:12","-0.592","-","-0.407"
"2021/08/24","08:18","-0.581","-","-0.374"
"2021/08/24","08:24","-0.569","-","-0.34"
"2021/08/24","08:30","-0.558","-","-0.309"
"2021/08/24","08:36","-0.547","-","-0.283"
"2021/08/24","08:42","-0.537","-","-0.266"
"2021/08/24","08:48","-0.526","-","-0.252"
"2021/08/24","08:54","-0.516","-","-0.239"
"2021/08/24","09:00","-0.505","-","-0.234"
"2021/08/24","09:06","-0.495","-","-0.235"
"2021/08/24","09:12","-0.484","-","-0.236"
"2021/08/24","09:18","-0.473","-","-0.233"
"2021/08/24","09:24","-0.462","-","-0.226"
"2021/08/24","09:30","-0.449","-","-0.216"
"2021/08/24","09:36","-0.436","-","-0.205"
"2021/08/24","09:42","-0.422","-","-0.193"
"2021/08/24","09:48","-0.407","-","-0.184"
"2021/08/24","09:54","-0.391","-","-0.178"
"2021/08/24","10:00","-0.373","-","-0.174"
"2021/08/24","10:06","-0.354","-","-0.167"
"2021/08/24","10:12","-0.334","-","-0.153"
"2021/08/24","10:18","-0.311","-","-0.131"
"2021/08/24","10:24","-0.288","-","-0.109"
"2021/08/24","10:30","-0.262","-","-0.085"
"2021/08/24","10:36","-0.235","-","-0.064"
"2021/08/24","10:42","-0.207","-","-0.047"
"2021/08/24","10:48","-0.176","-","-0.029"
"2021/08/24","10:54","-0.145","-","-0.003"
"2021/08/24","11:00","-0.111","-","0.031"
"2021/08/24","11:06","-0.077","-","0.067"
"2021/08/24","11:12","-0.041","-","0.099"
"2021/08/24","11:18","-0.005","-","0.128"
"2021/08/24","11:24","0.033","-","0.156"
"2021/08/24","11:30","0.072","-","0.183"
"2021/08/24","11:36","0.111","-","0.216"
"2021/08/24","11:42","0.151","-","0.254"
"2021/08/24","11:48","0.191","-","0.3"
"2021/08/24","11:54","0.231","-","0.35"
"2021/08/24","12:00","0.271","-","0.397"
"2021/08/24","12:06","0.311","-","0.435"
"2021/08/24","12:12","0.35","-","0.463"
"2021/08/24","12:18","0.389","-","0.491"
"2021/08/24","12:24","0.428","-","0.524"
"2021/08/24","12:30","0.465","-","0.563"
"2021/08/24","12:36","0.501","-","0.602"
"2021/08/24","12:42","0.536","-","0.635"
"2021/08/24","12:48","0.57","-","0.665"
"2021/08/24","12:54","0.602","-","0.692"
"2021/08/24","13:00","0.632","-","0.716"
"2021/08/24","13:06","0.66","-","0.736"
"2021/08/24","13:12","0.687","-","0.758"
"2021/08/24","13:18","0.711","-","0.784"
"2021/08/24","13:24","0.733","-","0.81"
"2021/08/24","13:30","0.752","-","0.831"
"2021/08/24","13:36","0.769","-","0.845"
"2021/08/24","13:42","0.783","-","0.861"
"2021/08/24","13:48","0.795","-","0.878"
"2021/08/24","13:54","0.803","-","0.891"
"2021/08/24","14:00","0.809","-","0.904"
"2021/08/24","14:06","0.812","-","0.915"
"2021/08/24","14:12","0.812","-","0.917"
"2021/08/24","14:18","0.81","-","0.915"
"2021/08/24","14:24","0.804","-","0.907"
"2021/08/24","14:30","0.796","-","0.895"
"2021/08/24","14:36","0.784","-","0.881"
"2021/08/24","14:42","0.77","-","0.87"
"2021/08/24","14:48","0.753","-","0.857"
"2021/08/24","14:54","0.734","-","0.842"
"2021/08/24","15:00","0.712","-","0.821"
"2021/08/24","15:06","0.688","-","0.779"
"2021/08/24","15:12","0.662","-","0.743"
"2021/08/24","15:18","0.633","-","0.711"
"2021/08/24","15:24","0.602","-","0.689"
"2021/08/24","15:30","0.569","-","0.672"
"2021/08/24","15:36","0.535","-","0.655"
"2021/08/24","15:42","0.498","-","0.624"
"2021/08/24","15:48","0.46","-","0.591"
"2021/08/24","15:54","0.421","-","0.563"
"2021/08/24","16:00","0.381","-","0.53"
"2021/08/24","16:06","0.339","-","0.496"
"2021/08/24","16:12","0.296","-","0.458"
"2021/08/24","16:18","0.252","-","0.419"
"2021/08/24","16:24","0.208","-","0.385"
"2021/08/24","16:30","0.163","-","0.352"
"2021/08/24","16:36","0.117","-","0.311"
"2021/08/24","16:42","0.071","-","0.265"
"2021/08/24","16:48","0.025","-","0.217"
"2021/08/24","16:54","-0.021","-","0.171"
"2021/08/24","17:00","-0.067","-","0.127"
"2021/08/24","17:06","-0.112","-","0.086"
"2021/08/24","17:12","-0.157","-","0.04"
"2021/08/24","17:18","-0.201","-","-0.008"
"2021/08/24","17:24","-0.245","-","-0.057"
"2021/08/24","17:30","-0.287","-","-0.104"
"2021/08/24","17:36","-0.327","-","-0.148"
"2021/08/24","17:42","-0.367","-","-0.189"
"2021/08/24","17:48","-0.404","-","-0.222"
"2021/08/24","17:54","-0.44","-","-0.254"
"2021/08/24","18:00","-0.473","-","-0.285"
"2021/08/24","18:06","-0.504","-","-0.321"
"2021/08/24","18:12","-0.533","-","-0.356"
"2021/08/24","18:18","-0.559","-","-0.387"
"2021/08/24","18:24","-0.583","-","-0.411"
"2021/08/24","18:30","-0.604","-","-0.432"
"2021/08/24","18:36","-0.622","-","-0.454"
"2021/08/24","18:42","-0.637","-","-0.477"
"2021/08/24","18:48","-0.649","-","-0.502"
"2021/08/24","18:54","-0.659","-","-0.527"
"2021/08/24","19:00","-0.666","-","-0.553"
"2021/08/24","19:06","-0.67","-","-0.573"
"2021/08/24","19:12","-0.672","-","-0.587"
"2021/08/24","19:18","-0.671","-","-0.598"
"2021/08/24","19:24","-0.668","-","-0.607"
"2021/08/24","19:30","-0.663","-","-0.617"
"2021/08/24","19:36","-0.656","-","-0.623"
"2021/08/24","19:42","-0.648","-","-0.625"
"2021/08/24","19:48","-0.638","-","-0.618"
"2021/08/24","19:54","-0.627","-","-0.598"
"2021/08/24","20:00","-0.615","-","-0.571"
"2021/08/24","20:06","-0.602","-","-0.54"
"2021/08/24","20:12","-0.589","-","-0.513"
"2021/08/24","20:18","-0.575","-","-0.491"
"2021/08/24","20:24","-0.561","-","-0.471"
"2021/08/24","20:30","-0.547","-","-0.449"
"2021/08/24","20:36","-0.533","-","-0.424"
"2021/08/24","20:42","-0.52","-","-0.397"
"2021/08/24","20:48","-0.506","-","-0.368"
"2021/08/24","20:54","-0.493","-","-0.341"
"2021/08/24","21:00","-0.481","-","-0.318"
"2021/08/24","21:06","-0.468","-","-0.3"
"2021/08/24","21:12","-0.456","-","-0.282"
"2021/08/24","21:18","-0.445","-","-0.261"
"2021/08/24","21:24","-0.433","-","-0.235"
"2021/08/24","21:30","-0.421","-","-0.203"
"2021/08/24","21:36","-0.41","-","-0.173"
"2021/08/24","21:42","-0.398","-","-0.147"
"2021/08/24","21:48","-0.386","-","-0.128"
"2021/08/24","21:54","-0.373","-","-0.115"
"2021/08/24","22:00","-0.36","-","-0.104"
"2021/08/24","22:06","-0.346","-","-0.094"
"2021/08/24","22:12","-0.331","-","-0.085"
"2021/08/24","22:18","-0.315","-","-0.075"
"2021/08/24","22:24","-0.298","-","-0.063"
"2021/08/24","22:30","-0.28","-","-0.049"
"2021/08/24","22:36","-0.26","-","-0.038"
"2021/08/24","22:42","-0.239","-","-0.029"
"2021/08/24","22:48","-0.217","-","-0.02"
"2021/08/24","22:54","-0.193","-","-0.01"
"2021/08/24","23:00","-0.167","-","0.009"
"2021/08/24","23:06","-0.141","-","0.021"
"2021/08/24","23:12","-0.112","-","0.047"
"2021/08/24","23:18","-0.083","-","0.077"
"2021/08/24","23:24","-0.052","-","0.112"
"2021/08/24","23:30","-0.02","-","0.147"
"2021/08/24","23:36","0.013","-","0.177"
"2021/08/24","23:42","0.047","-","0.207"
"2021/08/24","23:48","0.082","-","0.236"
"2021/08/24","23:54","0.118","-","0.271"
"2021/08/25","00:00","0.154","-","0.314"
"2021/08/25","00:06","0.191","-","0.36"
"2021/08/25","00:12","0.228","-","0.39"
"2021/08/25","00:18","0.265","-","0.417"
"2021/08/25","00:24","0.303","-","0.449"
"2021/08/25","00:30","0.34","-","0.479"
"2021/08/25","00:36","0.377","-","0.508"
"2021/08/25","00:42","0.413","-","0.54"
"2021/08/25","00:48","0.449","-","0.572"
"2021/08/25","00:54","0.483","-","0.601"
"2021/08/25","01:00","0.517","-","0.629"
"2021/08/25","01:06","0.55","-","0.654"
"2021/08/25","01:12","0.581","-","0.68"
"2021/08/25","01:18","0.611","-","0.705"
"2021/08/25","01:24","0.639","-","0.726"
"2021/08/25","01:30","0.665","-","0.744"
"2021/08/25","01:36","0.69","-","0.762"
"2021/08/25","01:42","0.712","-","0.781"
"2021/08/25","01:48","0.732","-","0.8"
"2021/08/25","01:54","0.75","-","0.819"
"2021/08/25","02:00","0.765","-","0.836"
"2021/08/25","02:06","0.778","-","0.852"
"2021/08/25","02:12","0.788","-","0.869"
"2021/08/25","02:18","0.795","-","0.886"
"2021/08/25","02:24","0.8","-","0.9"
"2021/08/25","02:30","0.802","-","0.909"
"2021/08/25","02:36","0.801","-","0.917"
"2021/08/25","02:42","0.797","-","0.922"
"2021/08/25","02:48","0.791","-","0.92"
"2021/08/25","02:54","0.781","-","0.911"
"2021/08/25","03:00","0.769","-","0.901"
"2021/08/25","03:06","0.754","-","0.892"
"2021/08/25","03:12","0.737","-","0.879"
"2021/08/25","03:18","0.717","-","0.857"
"2021/08/25","03:24","0.695","-","0.829"
"2021/08/25","03:30","0.67","-","0.8"
"2021/08/25","03:36","0.643","-","0.772"
"2021/08/25","03:42","0.614","-","0.745"
"2021/08/25","03:48","0.582","-","0.716"
"2021/08/25","03:54","0.549","-","0.689"
"2021/08/25","04:00","0.514","-","0.664"
"2021/08/25","04:06","0.478","-","0.63"
"2021/08/25","04:12","0.44","-","0.59"
"2021/08/25","04:18","0.4","-","0.551"
"2021/08/25","04:24","0.359","-","0.516"
"2021/08/25","04:30","0.317","-","0.48"
"2021/08/25","04:36","0.274","-","0.443"
"2021/08/25","04:42","0.231","-","0.404"
"2021/08/25","04:48","0.186","-","0.367"
"2021/08/25","04:54","0.141","-","0.324"
"2021/08/25","05:00","0.095","-","0.278"
"2021/08/25","05:06","0.049","-","0.229"
"2021/08/25","05:12","0.003","-","0.181"
"2021/08/25","05:18","-0.043","-","0.133"
"2021/08/25","05:24","-0.089","-","0.083"
"2021/08/25","05:30","-0.135","-","0.032"
"2021/08/25","05:36","-0.18","-","-0.019"
"2021/08/25","05:42","-0.225","-","-0.07"
"2021/08/25","05:48","-0.268","-","-0.123"
"2021/08/25","05:54","-0.311","-","-0.174"
"2021/08/25","06:00","-0.352","-","-0.221"
"2021/08/25","06:06","-0.391","-","-0.265"
"2021/08/25","06:12","-0.429","-","-0.307"
"2021/08/25","06:18","-0.465","-","-0.343"
"2021/08/25","06:24","-0.499","-","-0.38"
"2021/08/25","06:30","-0.531","-","-0.415"
"2021/08/25","06:36","-0.561","-","-0.449"
"2021/08/25","06:42","-0.588","-","-0.482"
"2021/08/25","06:48","-0.612","-","-0.511"
"2021/08/25","06:54","-0.633","-","-0.535"
"2021/08/25","07:00","-0.652","-","-0.555"
"2021/08/25","07:06","-0.668","-","-0.572"
"2021/08/25","07:12","-0.681","-","-0.586"
"2021/08/25","07:18","-0.691","-","-0.598"
"2021/08/25","07:24","-0.698","-","-0.61"
"2021/08/25","07:30","-0.702","-","-0.623"
"2021/08/25","07:36","-0.704","-","-0.631"
"2021/08/25","07:42","-0.704","-","-0.634"
"2021/08/25","07:48","-0.701","-","-0.633"
"2021/08/25","07:54","-0.695","-","-0.627"
"2021/08/25","08:00","-0.688","-","-0.619"
"2021/08/25","08:06","-0.679","-","-0.607"
"2021/08/25","08:12","-0.669","-","-0.593"
"2021/08/25","08:18","-0.657","-","-0.578"
"2021/08/25","08:24","-0.644","-","-0.563"
"2021/08/25","08:30","-0.63","-","-0.544"
"2021/08/25","08:36","-0.615","-","-0.517"
"2021/08/25","08:42","-0.6","-","-0.483"
"2021/08/25","08:48","-0.584","-","-0.448"
"2021/08/25","08:54","-0.568","-","-0.417"
"2021/08/25","09:00","-0.553","-","-0.391"
"2021/08/25","09:06","-0.537","-","-0.368"
"2021/08/25","09:12","-0.522","-","-0.349"
"2021/08/25","09:18","-0.506","-","-0.33"
"2021/08/25","09:24","-0.492","-","-0.309"
"2021/08/25","09:30","-0.477","-","-0.284"
"2021/08/25","09:36","-0.463","-","-0.261"
"2021/08/25","09:42","-0.449","-","-0.241"
"2021/08/25","09:48","-0.435","-","-0.229"
"2021/08/25","09:54","-0.421","-","-0.224"
"2021/08/25","10:00","-0.407","-","-0.22"
"2021/08/25","10:06","-0.394","-","-0.211"
"2021/08/25","10:12","-0.38","-","-0.193"
"2021/08/25","10:18","-0.365","-","-0.17"
"2021/08/25","10:24","-0.351","-","-0.146"
"2021/08/25","10:30","-0.335","-","-0.129"
"2021/08/25","10:36","-0.319","-","-0.118"
"2021/08/25","10:42","-0.302","-","-0.114"
"2021/08/25","10:48","-0.284","-","-0.113"
"2021/08/25","10:54","-0.265","-","-0.108"
"2021/08/25","11:00","-0.245","-","-0.095"
"2021/08/25","11:06","-0.224","-","-0.074"
"2021/08/25","11:12","-0.201","-","-0.05"
"2021/08/25","11:18","-0.178","-","-0.029"
"2021/08/25","11:24","-0.153","-","-0.012"
"2021/08/25","11:30","-0.126","-","0.007"
"2021/08/25","11:36","-0.099","-","0.028"
"2021/08/25","11:42","-0.07","-","0.057"
"2021/08/25","11:48","-0.04","-","0.092"
"2021/08/25","11:54","-0.009","-","0.13"
"2021/08/25","12:00","0.023","-","0.165"
"2021/08/25","12:06","0.055","-","0.196"
"2021/08/25","12:12","0.089","-","0.224"
"2021/08/25","12:18","0.123","-","0.257"
"2021/08/25","12:24","0.158","-","0.298"
"2021/08/25","12:30","0.193","-","0.346"
"2021/08/25","12:36","0.228","-","0.392"
"2021/08/25","12:42","0.264","-","0.426"
"2021/08/25","12:48","0.299","-","0.455"
"2021/08/25","12:54","0.334","-","0.483"
"2021/08/25","13:00","0.369","-","0.517"
"2021/08/25","13:06","0.403","-","0.539"
"2021/08/25","13:12","0.437","-","0.566"
"2021/08/25","13:18","0.47","-","0.594"
"2021/08/25","13:24","0.502","-","0.618"
"2021/08/25","13:30","0.532","-","0.643"
"2021/08/25","13:36","0.562","-","0.671"
"2021/08/25","13:42","0.59","-","0.694"
"2021/08/25","13:48","0.616","-","0.727"
"2021/08/25","13:54","0.641","-","0.764"
"2021/08/25","14:00","0.664","-","0.79"
"2021/08/25","14:06","0.685","-","0.811"
"2021/08/25","14:12","0.704","-","0.837"
"2021/08/25","14:18","0.72","-","0.86"
"2021/08/25","14:24","0.735","-","0.879"
"2021/08/25","14:30","0.747","-","0.897"
"2021/08/25","14:36","0.756","-","0.913"
"2021/08/25","14:42","0.763","-","0.925"
"2021/08/25","14:48","0.767","-","0.927"
"2021/08/25","14:54","0.769","-","0.923"
"2021/08/25","15:00","0.768","-","0.92"
"2021/08/25","15:06","0.764","-","0.912"
"2021/08/25","15:12","0.758","-","0.895"
"2021/08/25","15:18","0.749","-","0.875"
"2021/08/25","15:24","0.737","-","0.858"
"2021/08/25","15:30","0.723","-","0.846"
"2021/08/25","15:36","0.707","-","0.83"
"2021/08/25","15:42","0.688","-","0.808"
"2021/08/25","15:48","0.667","-","0.784"
"2021/08/25","15:54","0.643","-","0.762"
"2021/08/25","16:00","0.618","-","0.737"
"2021/08/25","16:06","0.591","-","0.707"
"2021/08/25","16:12","0.561","-","0.676"
"2021/08/25","16:18","0.53","-","0.65"
"2021/08/25","16:24","0.498","-","0.625"
"2021/08/25","16:30","0.464","-","0.594"
"2021/08/25","16:36","0.428","-","0.557"
"2021/08/25","16:42","0.392","-","0.524"
"2021/08/25","16:48","0.354","-","0.489"
"2021/08/25","16:54","0.315","-","0.453"
"2021/08/25","17:00","0.275","-","0.412"
"2021/08/25","17:06","0.235","-","0.371"
"2021/08/25","17:12","0.193","-","0.328"
"2021/08/25","17:18","0.152","-","0.287"
"2021/08/25","17:24","0.109","-","0.248"
"2021/08/25","17:30","0.067","-","0.21"
"2021/08/25","17:36","0.024","-","0.171"
"2021/08/25","17:42","-0.019","-","0.131"
"2021/08/25","17:48","-0.061","-","0.089"
"2021/08/25","17:54","-0.103","-","0.044"
"2021/08/25","18:00","-0.145","-","-0.005"
"2021/08/25","18:06","-0.186","-","-0.058"
"2021/08/25","18:12","-0.227","-","-0.113"
"2021/08/25","18:18","-0.266","-","-0.167"
"2021/08/25","18:24","-0.304","-","-0.213"
"2021/08/25","18:30","-0.341","-","-0.257"
"2021/08/25","18:36","-0.376","-","-0.295"
"2021/08/25","18:42","-0.41","-","-0.329"
"2021/08/25","18:48","-0.441","-","-0.36"
"2021/08/25","18:54","-0.471","-","-0.389"
"2021/08/25","19:00","-0.498","-","-0.418"
"2021/08/25","19:06","-0.523","-","-0.448"
"2021/08/25","19:12","-0.546","-","-0.473"
"2021/08/25","19:18","-0.566","-","-0.491"
"2021/08/25","19:24","-0.583","-","-0.509"
"2021/08/25","19:30","-0.597","-","-0.523"
"2021/08/25","19:36","-0.609","-","-0.532"
"2021/08/25","19:42","-0.618","-","-0.542"
"2021/08/25","19:48","-0.625","-","-0.55"
"2021/08/25","19:54","-0.628","-","-0.561"
"2021/08/25","20:00","-0.63","-","-0.569"
"2021/08/25","20:06","-0.628","-","-0.573"
"2021/08/25","20:12","-0.625","-","-0.572"
"2021/08/25","20:18","-0.619","-","-0.569"
"2021/08/25","20:24","-0.612","-","-0.56"
"2021/08/25","20:30","-0.602","-","-0.545"
"2021/08/25","20:36","-0.592","-","-0.528"
"2021/08/25","20:42","-0.58","-","-0.508"
"2021/08/25","20:48","-0.566","-","-0.486"
"2021/08/25","20:54","-0.552","-","-0.47"
"2021/08/25","21:00","-0.538","-","-0.46"
"2021/08/25","21:06","-0.523","-","-0.437"
"2021/08/25","21:12","-0.507","-","-0.413"
"2021/08/25","21:18","-0.492","-","-0.394"
"2021/08/25","21:24","-0.477","-","-0.364"
"2021/08/25","21:30","-0.461","-","-0.337"
"2021/08/25","21:36","-0.447","-","-0.305"
"2021/08/25","21:42","-0.432","-","-0.272"
"2021/08/25","21:48","-0.418","-","-0.256"
"2021/08/25","21:54","-0.404","-","-0.239"
"2021/08/25","22:00","-0.391","-","-0.218"
"2021/08/25","22:06","-0.379","-","-0.194"
"2021/08/25","22:12","-0.366","-","-0.177"
"2021/08/25","22:18","-0.354","-","-0.169"
"2021/08/25","22:24","-0.342","-","-0.15"
"2021/08/25","22:30","-0.33","-","-0.138"
"2021/08/25","22:36","-0.318","-","-0.119"
"2021/08/25","22:42","-0.306","-","-0.11"
"2021/08/25","22:48","-0.294","-","-0.101"
"2021/08/25","22:54","-0.281","-","-0.093"
"2021/08/25","23:00","-0.267","-","-0.082"
"2021/08/25","23:06","-0.253","-","-0.066"
"2021/08/25","23:12","-0.238","-","-0.049"
"2021/08/25","23:18","-0.222","-","-0.037"
"2021/08/25","23:24","-0.206","-","-0.026"
"2021/08/25","23:30","-0.188","-","-0.011"
"2021/08/25","23:36","-0.169","-","0.013"
"2021/08/25","23:42","-0.148","-","0.034"
"2021/08/25","23:48","-0.127","-","0.049"
"2021/08/25","23:54","-0.104","-","0.068"
"2021/08/26","00:00","-0.08","-","0.087"
"2021/08/26","00:06","-0.055","-","0.108"
"2021/08/26","00:12","-0.029","-","0.126"
"2021/08/26","00:18","-0.002","-","0.146"
"2021/08/26","00:24","0.026","-","0.168"
"2021/08/26","00:30","0.056","-","0.2"
"2021/08/26","00:36","0.085","-","0.227"
"2021/08/26","00:42","0.116","-","0.25"
"2021/08/26","00:48","0.147","-","0.273"
"2021/08/26","00:54","0.179","-","0.304"
"2021/08/26","01:00","0.211","-","0.323"
"2021/08/26","01:06","0.243","-","0.346"
"2021/08/26","01:12","0.275","-","0.367"
"2021/08/26","01:18","0.307","-","0.385"
"2021/08/26","01:24","0.339","-","0.41"
"2021/08/26","01:30","0.37","-","0.434"
"2021/08/26","01:36","0.401","-","0.445"
"2021/08/26","01:42","0.431","-","0.473"
"2021/08/26","01:48","0.461","-","0.508"
"2021/08/26","01:54","0.489","-","0.537"
"2021/08/26","02:00","0.516","-","0.551"
"2021/08/26","02:06","0.541","-","0.568"
"2021/08/26","02:12","0.565","-","0.586"
"2021/08/26","02:18","0.588","-","0.613"
"2021/08/26","02:24","0.608","-","0.644"
"2021/08/26","02:30","0.627","-","0.674"
"2021/08/26","02:36","0.644","-","0.703"
"2021/08/26","02:42","0.658","-","0.717"
"2021/08/26","02:48","0.671","-","0.724"
"2021/08/26","02:54","0.681","-","0.737"
"2021/08/26","03:00","0.688","-","0.753"
"2021/08/26","03:06","0.694","-","0.767"
"2021/08/26","03:12","0.696","-","0.78"
"2021/08/26","03:18","0.696","-","0.787"
"2021/08/26","03:24","0.694","-","0.793"
"2021/08/26","03:30","0.689","-","0.793"
"2021/08/26","03:36","0.681","-","0.786"
"2021/08/26","03:42","0.671","-","0.781"
"2021/08/26","03:48","0.658","-","0.776"
"2021/08/26","03:54","0.643","-","0.768"
"2021/08/26","04:00","0.625","-","0.745"
"2021/08/26","04:06","0.606","-","0.715"
"2021/08/26","04:12","0.584","-","0.686"
"2021/08/26","04:18","0.559","-","0.669"
"2021/08/26","04:24","0.533","-","0.658"
"2021/08/26","04:30","0.505","-","0.641"
"2021/08/26","04:36","0.476","-","0.614"
"2021/08/26","04:42","0.444","-","0.58"
"2021/08/26","04:48","0.411","-","0.545"
"2021/08/26","04:54","0.377","-","0.513"
"2021/08/26","05:00","0.341","-","0.484"
"2021/08/26","05:06","0.304","-","0.457"
"2021/08/26","05:12","0.266","-","0.431"
"2021/08/26","05:18","0.228","-","0.401"
"2021/08/26","05:24","0.188","-","0.364"
"2021/08/26","05:30","0.147","-","0.321"
"2021/08/26","05:36","0.106","-","0.276"
"2021/08/26","05:42","0.065","-","0.234"
"2021/08/26","05:48","0.023","-","0.194"
"2021/08/26","05:54","-0.019","-","0.156"
"2021/08/26","06:00","-0.062","-","0.12"
"2021/08/26","06:06","-0.104","-","0.08"
"2021/08/26","06:12","-0.146","-","0.032"
"2021/08/26","06:18","-0.188","-","-0.019"
"2021/08/26","06:24","-0.229","-","-0.067"
"2021/08/26","06:30","-0.27","-","-0.113"
"2021/08/26","06:36","-0.31","-","-0.158"
"2021/08/26","06:42","-0.348","-","-0.2"
"2021/08/26","06:48","-0.386","-","-0.242"
"2021/08/26","06:54","-0.422","-","-0.284"
"2021/08/26","07:00","-0.456","-","-0.329"
"2021/08/26","07:06","-0.489","-","-0.376"
"2021/08/26","07:12","-0.52","-","-0.419"
"2021/08/26","07:18","-0.549","-","-0.455"
"2021/08/26","07:24","-0.575","-","-0.484"
"2021/08/26","07:30","-0.599","-","-0.507"
"2021/08/26","07:36","-0.62","-","-0.528"
"2021/08/26","07:42","-0.638","-","-0.548"
"2021/08/26","07:48","-0.654","-","-0.571"
"2021/08/26","07:54","-0.667","-","-0.595"
"2021/08/26","08:00","-0.677","-","-0.617"
"2021/08/26","08:06","-0.684","-","-0.636"
"2021/08/26","08:12","-0.688","-","-0.647"
"2021/08/26","08:18","-0.69","-","-0.65"
"2021/08/26","08:24","-0.689","-","-0.646"
"2021/08/26","08:30","-0.685","-","-0.641"
"2021/08/26","08:36","-0.678","-","-0.633"
"2021/08/26","08:42","-0.67","-","-0.622"
"2021/08/26","08:48","-0.659","-","-0.608"
"2021/08/26","08:54","-0.646","-","-0.593"
"2021/08/26","09:00","-0.632","-","-0.573"
"2021/08/26","09:06","-0.616","-","-0.548"
"2021/08/26","09:12","-0.599","-","-0.517"
"2021/08/26","09:18","-0.581","-","-0.484"
"2021/08/26","09:24","-0.563","-","-0.451"
"2021/08/26","09:30","-0.543","-","-0.418"
"2021/08/26","09:36","-0.524","-","-0.384"
"2021/08/26","09:42","-0.504","-","-0.351"
"2021/08/26","09:48","-0.484","-","-0.317"
"2021/08/26","09:54","-0.465","-","-0.285"
"2021/08/26","10:00","-0.446","-","-0.254"
"2021/08/26","10:06","-0.427","-","-0.228"
"2021/08/26","10:12","-0.409","-","-0.205"
"2021/08/26","10:18","-0.391","-","-0.184"
"2021/08/26","10:24","-0.374","-","-0.162"
"2021/08/26","10:30","-0.357","-","-0.142"
"2021/08/26","10:36","-0.341","-","-0.133"
"2021/08/26","10:42","-0.326","-","-0.129"
"2021/08/26","10:48","-0.31","-","-0.124"
"2021/08/26","10:54","-0.295","-","-0.113"
"2021/08/26","11:00","-0.28","-","-0.103"
"2021/08/26","11:06","-0.266","-","-0.096"
"2021/08/26","11:12","-0.251","-","-0.093"
"2021/08/26","11:18","-0.236","-","-0.088"
"2021/08/26","11:24","-0.22","-","-0.085"
"2021/08/26","11:30","-0.204","-","-0.083"
"2021/08/26","11:36","-0.188","-","-0.08"
"2021/08/26","11:42","-0.171","-","-0.072"
"2021/08/26","11:48","-0.153","-","-0.056"
"2021/08/26","11:54","-0.134","-","-0.034"
"2021/08/26","12:00","-0.115","-","-0.014"
"2021/08/26","12:06","-0.094","-","-0.003"
"2021/08/26","12:12","-0.073","-","0.009"
"2021/08/26","12:18","-0.05","-","0.03"
"2021/08/26","12:24","-0.027","-","0.06"
"2021/08/26","12:30","-0.002","-","0.093"
"2021/08/26","12:36","0.024","-","0.128"
"2021/08/26","12:42","0.05","-","0.166"
"2021/08/26","12:48","0.077","-","0.208"
"2021/08/26","12:54","0.105","-","0.245"
"2021/08/26","13:00","0.134","-","0.272"
"2021/08/26","13:06","0.163","-","0.298"
"2021/08/26","13:12","0.193","-","0.331"
"2021/08/26","13:18","0.223","-","0.362"
"2021/08/26","13:24","0.253","-","0.403"
"2021/08/26","13:30","0.284","-","0.435"
"2021/08/26","13:36","0.314","-","0.466"
"2021/08/26","13:42","0.344","-","0.495"
"2021/08/26","13:48","0.374","-","0.517"
"2021/08/26","13:54","0.404","-","0.542"
"2021/08/26","14:00","0.433","-","0.572"
"2021/08/26","14:06","0.461","-","0.601"
"2021/08/26","14:12","0.488","-","0.646"
"2021/08/26","14:18","0.514","-","0.677"
"2021/08/26","14:24","0.539","-","0.708"
"2021/08/26","14:30","0.563","-","0.735"
"2021/08/26","14:36","0.586","-","0.758"
"2021/08/26","14:42","0.606","-","0.773"
"2021/08/26","14:48","0.626","-","0.786"
"2021/08/26","14:54","0.643","-","0.8"
"2021/08/26","15:00","0.658","-","0.815"
"2021/08/26","15:06","0.672","-","0.832"
"2021/08/26","15:12","0.683","-","0.842"
"2021/08/26","15:18","0.692","-","0.852"
"2021/08/26","15:24","0.699","-","0.853"
"2021/08/26","15:30","0.704","-","0.856"
"2021/08/26","15:36","0.706","-","0.857"
"2021/08/26","15:42","0.706","-","0.848"
"2021/08/26","15:48","0.704","-","0.843"
"2021/08/26","15:54","0.699","-","0.833"
"2021/08/26","16:00","0.692","-","0.824"
"2021/08/26","16:06","0.683","-","0.808"
"2021/08/26","16:12","0.671","-","0.794"
"2021/08/26","16:18","0.657","-","0.781"
"2021/08/26","16:24","0.641","-","0.761"
"2021/08/26","16:30","0.623","-","0.744"
"2021/08/26","16:36","0.603","-","0.73"
"2021/08/26","16:42","0.581","-","0.706"
"2021/08/26","16:48","0.558","-","0.687"
"2021/08/26","16:54","0.533","-","0.656"
"2021/08/26","17:00","0.506","-","0.633"
"2021/08/26","17:06","0.477","-","0.607"
"2021/08/26","17:12","0.448","-","0.585"
"2021/08/26","17:18","0.417","-","0.565"
"2021/08/26","17:24","0.384","-","0.541"
"2021/08/26","17:30","0.351","-","0.508"
"2021/08/26","17:36","0.317","-","0.471"
"2021/08/26","17:42","0.282","-","0.428"
"2021/08/26","17:48","0.246","-","0.389"
"2021/08/26","17:54","0.209","-","0.352"
"2021/08/26","18:00","0.172","-","0.315"
"2021/08/26","18:06","0.134","-","0.282"
"2021/08/26","18:12","0.096","-","0.249"
"2021/08/26","18:18","0.058","-","0.211"
"2021/08/26","18:24","0.019","-","0.172"
"2021/08/26","18:30","-0.019","-","0.132"
"2021/08/26","18:36","-0.058","-","0.093"
"2021/08/26","18:42","-0.096","-","0.049"
"2021/08/26","18:48","-0.134","-","0.002"
"2021/08/26","18:54","-0.172","-","-0.042"
"2021/08/26","19:00","-0.209","-","-0.083"
"2021/08/26","19:06","-0.245","-","-0.122"
"2021/08/26","19:12","-0.28","-","-0.166"
"2021/08/26","19:18","-0.314","-","-0.193"
"2021/08/26","19:24","-0.346","-","-0.236"
"2021/08/26","19:30","-0.377","-","-0.271"
"2021/08/26","19:36","-0.406","-","-0.298"
"2021/08/26","19:42","-0.433","-","-0.325"
"2021/08/26","19:48","-0.458","-","-0.351"
"2021/08/26","19:54","-0.481","-","-0.372"
"2021/08/26","20:00","-0.502","-","-0.388"
"2021/08/26","20:06","-0.52","-","-0.404"
"2021/08/26","20:12","-0.536","-","-0.417"
"2021/08/26","20:18","-0.549","-","-0.434"
"2021/08/26","20:24","-0.559","-","-0.448"
"2021/08/26","20:30","-0.567","-","-0.465"
"2021/08/26","20:36","-0.572","-","-0.477"
"2021/08/26","20:42","-0.574","-","-0.488"
"2021/08/26","20:48","-0.574","-","-0.493"
"2021/08/26","20:54","-0.571","-","-0.5"
"2021/08/26","21:00","-0.567","-","-0.506"
"2021/08/26","21:06","-0.56","-","-0.508"
"2021/08/26","21:12","-0.551","-","-0.503"
"2021/08/26","21:18","-0.54","-","-0.494"
"2021/08/26","21:24","-0.528","-","-0.48"
"2021/08/26","21:30","-0.515","-","-0.459"
"2021/08/26","21:36","-0.5","-","-0.429"
"2021/08/26","21:42","-0.485","-","-0.397"
"2021/08/26","21:48","-0.469","-","-0.369"
"2021/08/26","21:54","-0.453","-","-0.344"
"2021/08/26","22:00","-0.437","-","-0.314"
"2021/08/26","22:06","-0.42","-","-0.286"
"2021/08/26","22:12","-0.404","-","-0.261"
"2021/08/26","22:18","-0.388","-","-0.23"
"2021/08/26","22:24","-0.373","-","-0.2"
"2021/08/26","22:30","-0.358","-","-0.172"
"2021/08/26","22:36","-0.344","-","-0.154"
"2021/08/26","22:42","-0.33","-","-0.139"
"2021/08/26","22:48","-0.318","-","-0.127"
"2021/08/26","22:54","-0.305","-","-0.116"
"2021/08/26","23:00","-0.294","-","-0.102"
"2021/08/26","23:06","-0.283","-","-0.085"
"2021/08/26","23:12","-0.272","-","-0.066"
"2021/08/26","23:18","-0.262","-","-0.047"
"2021/08/26","23:24","-0.252","-","-0.03"
"2021/08/26","23:30","-0.242","-","-0.021"
"2021/08/26","23:36","-0.232","-","-0.016"
"2021/08/26","23:42","-0.222","-","-0.013"
"2021/08/26","23:48","-0.212","-","0.001"
"2021/08/26","23:54","-0.201","-","0.013"
"2021/08/27","00:00","-0.189","-","0.021"
"2021/08/27","00:06","-0.177","-","0.027"
"2021/08/27","00:12","-0.164","-","0.032"
"2021/08/27","00:18","-0.15","-","0.038"
"2021/08/27","00:24","-0.135","-","0.043"
"2021/08/27","00:30","-0.119","-","0.047"
"2021/08/27","00:36","-0.102","-","0.057"
"2021/08/27","00:42","-0.084","-","0.073"
"2021/08/27","00:48","-0.065","-","0.089"
"2021/08/27","00:54","-0.044","-","0.104"
"2021/08/27","01:00","-0.023","-","0.117"
"2021/08/27","01:06","0","-","0.131"
"2021/08/27","01:12","0.023","-","0.151"
"2021/08/27","01:18","0.048","-","0.174"
"2021/08/27","01:24","0.073","-","0.198"
"2021/08/27","01:30","0.099","-","0.223"
"2021/08/27","01:36","0.125","-","0.251"
"2021/08/27","01:42","0.152","-","0.279"
"2021/08/27","01:48","0.18","-","0.304"
"2021/08/27","01:54","0.207","-","0.324"
"2021/08/27","02:00","0.235","-","0.345"
"2021/08/27","02:06","0.262","-","0.369"
"2021/08/27","02:12","0.29","-","0.391"
"2021/08/27","02:18","0.317","-","0.408"
"2021/08/27","02:24","0.343","-","0.424"
"2021/08/27","02:30","0.369","-","0.443"
"2021/08/27","02:36","0.394","-","0.467"
"2021/08/27","02:42","0.418","-","0.486"
"2021/08/27","02:48","0.441","-","0.504"
"2021/08/27","02:54","0.463","-","0.525"
"2021/08/27","03:00","0.483","-","0.549"
"2021/08/27","03:06","0.502","-","0.575"
"2021/08/27","03:12","0.519","-","0.599"
"2021/08/27","03:18","0.534","-","0.622"
"2021/08/27","03:24","0.548","-","0.646"
"2021/08/27","03:30","0.56","-","0.67"
"2021/08/27","03:36","0.569","-","0.689"
"2021/08/27","03:42","0.577","-","0.705"
"2021/08/27","03:48","0.582","-","0.723"
"2021/08/27","03:54","0.585","-","0.742"
"2021/08/27","04:00","0.586","-","0.752"
"2021/08/27","04:06","0.584","-","0.752"
"2021/08/27","04:12","0.581","-","0.753"
"2021/08/27","04:18","0.575","-","0.756"
"2021/08/27","04:24","0.566","-","0.757"
"2021/08/27","04:30","0.556","-","0.751"
"2021/08/27","04:36","0.543","-","0.738"
"2021/08/27","04:42","0.528","-","0.724"
"2021/08/27","04:48","0.511","-","0.705"
"2021/08/27","04:54","0.492","-","0.678"
"2021/08/27","05:00","0.471","-","0.647"
"2021/08/27","05:06","0.448","-","0.621"
"2021/08/27","05:12","0.424","-","0.598"
"2021/08/27","05:18","0.398","-","0.571"
"2021/08/27","05:24","0.371","-","0.537"
"2021/08/27","05:30","0.342","-","0.503"
"2021/08/27","05:36","0.311","-","0.472"
"2021/08/27","05:42","0.28","-","0.44"
"2021/08/27","05:48","0.248","-","0.406"
"2021/08/27","05:54","0.214","-","0.374"
"2021/08/27","06:00","0.18","-","0.345"
"2021/08/27","06:06","0.144","-","0.315"
"2021/08/27","06:12","0.109","-","0.278"
"2021/08/27","06:18","0.072","-","0.238"
"2021/08/27","06:24","0.035","-","0.201"
"2021/08/27","06:30","-0.002","-","0.166"
"2021/08/27","06:36","-0.04","-","0.133"
"2021/08/27","06:42","-0.078","-","0.1"
"2021/08/27","06:48","-0.116","-","0.063"
"2021/08/27","06:54","-0.154","-","0.022"
"2021/08/27","07:00","-0.191","-","-0.023"
"2021/08/27","07:06","-0.229","-","-0.071"
"2021/08/27","07:12","-0.266","-","-0.118"
"2021/08/27","07:18","-0.302","-","-0.162"
"2021/08/27","07:24","-0.337","-","-0.203"
"2021/08/27","07:30","-0.372","-","-0.244"
"2021/08/27","07:36","-0.405","-","-0.283"
"2021/08/27","07:42","-0.437","-","-0.321"
"2021/08/27","07:48","-0.467","-","-0.362"
"2021/08/27","07:54","-0.496","-","-0.402"
"2021/08/27","08:00","-0.522","-","-0.437"
"2021/08/27","08:06","-0.547","-","-0.465"
"2021/08/27","08:12","-0.569","-","-0.488"
"2021/08/27","08:18","-0.589","-","-0.503"
"2021/08/27","08:24","-0.607","-","-0.514"
"2021/08/27","08:30","-0.621","-","-0.523"
"2021/08/27","08:36","-0.633","-","-0.532"
"2021/08/27","08:42","-0.643","-","-0.54"
"2021/08/27","08:48","-0.649","-","-0.545"
"2021/08/27","08:54","-0.652","-","-0.547"
"2021/08/27","09:00","-0.653","-","-0.547"
"2021/08/27","09:06","-0.651","-","-0.541"
"2021/08/27","09:12","-0.646","-","-0.532"
"2021/08/27","09:18","-0.638","-","-0.522"
"2021/08/27","09:24","-0.628","-","-0.51"
"2021/08/27","09:30","-0.616","-","-0.494"
"2021/08/27","09:36","-0.602","-","-0.474"
"2021/08/27","09:42","-0.586","-","-0.45"
"2021/08/27","09:48","-0.568","-","-0.425"
"2021/08/27","09:54","-0.549","-","-0.396"
"2021/08/27","10:00","-0.529","-","-0.366"
"2021/08/27","10:06","-0.508","-","-0.337"
"2021/08/27","10:12","-0.486","-","-0.31"
"2021/08/27","10:18","-0.464","-","-0.286"
"2021/08/27","10:24","-0.441","-","-0.263"
"2021/08/27","10:30","-0.419","-","-0.24"
"2021/08/27","10:36","-0.397","-","-0.215"
"2021/08/27","10:42","-0.376","-","-0.191"
"2021/08/27","10:48","-0.355","-","-0.168"
"2021/08/27","10:54","-0.334","-","-0.152"
"2021/08/27","11:00","-0.315","-","-0.142"
"2021/08/27","11:06","-0.296","-","-0.136"
"2021/08/27","11:12","-0.278","-","-0.128"
"2021/08/27","11:18","-0.261","-","-0.115"
"2021/08/27","11:24","-0.245","-","-0.097"
"2021/08/27","11:30","-0.229","-","-0.075"
"2021/08/27","11:36","-0.214","-","-0.055"
"2021/08/27","11:42","-0.2","-","-0.042"
"2021/08/27","11:48","-0.186","-","-0.037"
"2021/08/27","11:54","-0.172","-","-0.034"
"2021/08/27","12:00","-0.159","-","-0.03"
"2021/08/27","12:06","-0.146","-","-0.023"
"2021/08/27","12:12","-0.133","-","-0.011"
"2021/08/27","12:18","-0.119","-","0.007"
"2021/08/27","12:24","-0.105","-","0.024"
"2021/08/27","12:30","-0.091","-","0.035"
"2021/08/27","12:36","-0.076","-","0.037"
"2021/08/27","12:42","-0.061","-","0.039"
"2021/08/27","12:48","-0.044","-","0.047"
"2021/08/27","12:54","-0.027","-","0.06"
"2021/08/27","13:00","-0.009","-","0.079"
"2021/08/27","13:06","0.01","-","0.105"
"2021/08/27","13:12","0.029","-","0.136"
"2021/08/27","13:18","0.05","-","0.168"
"2021/08/27","13:24","0.071","-","0.181"
"2021/08/27","13:30","0.094","-","0.2"
"2021/08/27","13:36","0.117","-","0.225"
"2021/08/27","13:42","0.14","-","0.262"
"2021/08/27","13:48","0.165","-","0.301"
"2021/08/27","13:54","0.19","-","0.335"
"2021/08/27","14:00","0.215","-","0.364"
"2021/08/27","14:06","0.24","-","0.389"
"2021/08/27","14:12","0.266","-","0.408"
"2021/08/27","14:18","0.292","-","0.429"
"2021/08/27","14:24","0.318","-","0.45"
"2021/08/27","14:30","0.344","-","0.479"
"2021/08/27","14:36","0.369","-","0.51"
"2021/08/27","14:42","0.394","-","0.531"
"2021/08/27","14:48","0.418","-","0.546"
"2021/08/27","14:54","0.442","-","0.563"
"2021/08/27","15:00","0.465","-","0.582"
"2021/08/27","15:06","0.487","-","0.604"
"2021/08/27","15:12","0.507","-","0.627"
"2021/08/27","15:18","0.527","-","0.651"
"2021/08/27","15:24","0.545","-","0.676"
"2021/08/27","15:30","0.562","-","0.693"
"2021/08/27","15:36","0.578","-","0.705"
"2021/08/27","15:42","0.591","-","0.718"
"2021/08/27","15:48","0.603","-","0.735"
"2021/08/27","15:54","0.614","-","0.747"
"2021/08/27","16:00","0.622","-","0.758"
"2021/08/27","16:06","0.629","-","0.766"
"2021/08/27","16:12","0.633","-","0.776"
"2021/08/27","16:18","0.636","-","0.784"
"2021/08/27","16:24","0.636","-","0.783"
"2021/08/27","16:30","0.635","-","0.774"
"2021/08/27","16:36","0.631","-","0.762"
"2021/08/27","16:42","0.625","-","0.751"
"2021/08/27","16:48","0.618","-","0.738"
"2021/08/27","16:54","0.608","-","0.725"
"2021/08/27","17:00","0.597","-","0.712"
"2021/08/27","17:06","0.583","-","0.694"
"2021/08/27","17:12","0.568","-","0.671"
"2021/08/27","17:18","0.551","-","0.646"
"2021/08/27","17:24","0.533","-","0.624"
"2021/08/27","17:30","0.513","-","0.604"
"2021/08/27","17:36","0.491","-","0.586"
"2021/08/27","17:42","0.468","-","0.569"
"2021/08/27","17:48","0.443","-","0.552"
"2021/08/27","17:54","0.418","-","0.528"
"2021/08/27","18:00","0.391","-","0.501"
"2021/08/27","18:06","0.363","-","0.47"
"2021/08/27","18:12","0.335","-","0.437"
"2021/08/27","18:18","0.305","-","0.401"
"2021/08/27","18:24","0.274","-","0.363"
"2021/08/27","18:30","0.243","-","0.327"
"2021/08/27","18:36","0.211","-","0.289"
"2021/08/27","18:42","0.179","-","0.25"
"2021/08/27","18:48","0.146","-","0.211"
"2021/08/27","18:54","0.112","-","0.176"
"2021/08/27","19:00","0.079","-","0.14"
"2021/08/27","19:06","0.045","-","0.102"
"2021/08/27","19:12","0.01","-","0.062"
"2021/08/27","19:18","-0.024","-","0.024"
"2021/08/27","19:24","-0.058","-","-0.007"
"2021/08/27","19:30","-0.092","-","-0.038"
"2021/08/27","19:36","-0.126","-","-0.074"
"2021/08/27","19:42","-0.159","-","-0.108"
"2021/08/27","19:48","-0.192","-","-0.138"
"2021/08/27","19:54","-0.224","-","-0.171"
"2021/08/27","20:00","-0.255","-","-0.207"
"2021/08/27","20:06","-0.285","-","-0.252"
"2021/08/27","20:12","-0.313","-","-0.298"
"2021/08/27","20:18","-0.34","-","-0.33"
"2021/08/27","20:24","-0.366","-","-0.355"
"2021/08/27","20:30","-0.39","-","-0.38"
"2021/08/27","20:36","-0.412","-","-0.401"
"2021/08/27","20:42","-0.432","-","-0.417"
"2021/08/27","20:48","-0.45","-","-0.423"
"2021/08/27","20:54","-0.465","-","-0.431"
"2021/08/27","21:00","-0.478","-","-0.439"
"2021/08/27","21:06","-0.489","-","-0.446"
"2021/08/27","21:12","-0.497","-","-0.452"
"2021/08/27","21:18","-0.502","-","-0.448"
"2021/08/27","21:24","-0.505","-","-0.445"
"2021/08/27","21:30","-0.506","-","-0.44"
"2021/08/27","21:36","-0.504","-","-0.434"
"2021/08/27","21:42","-0.5","-","-0.425"
"2021/08/27","21:48","-0.494","-","-0.423"
"2021/08/27","21:54","-0.486","-","-0.418"
"2021/08/27","22:00","-0.477","-","-0.41"
"2021/08/27","22:06","-0.465","-","-0.395"
"2021/08/27","22:12","-0.453","-","-0.372"
"2021/08/27","22:18","-0.439","-","-0.347"
"2021/08/27","22:24","-0.424","-","-0.314"
"2021/08/27","22:30","-0.409","-","-0.286"
"2021/08/27","22:36","-0.394","-","-0.267"
"2021/08/27","22:42","-0.378","-","-0.257"
"2021/08/27","22:48","-0.362","-","-0.239"
"2021/08/27","22:54","-0.347","-","-0.227"
"2021/08/27","23:00","-0.331","-","-0.206"
"2021/08/27","23:06","-0.317","-","-0.183"
"2021/08/27","23:12","-0.303","-","-0.158"
"2021/08/27","23:18","-0.29","-","-0.134"
"2021/08/27","23:24","-0.277","-","-0.114"
"2021/08/27","23:30","-0.266","-","-0.097"
"2021/08/27","23:36","-0.255","-","-0.086"
"2021/08/27","23:42","-0.245","-","-0.082"
"2021/08/27","23:48","-0.236","-","-0.057"
"2021/08/27","23:54","-0.228","-","-0.039"